song_id,song_popularity
16373,63.22990476190476
14723,50.74333333333334
12241,48.80666666666666
7176,51.045
11860,44.685
2802,47.141999999999996
2622,46.835
6300,42.66
3912,45.19
2467,56.94333333333334
11695,56.19916666666667
4367,55.149499999999996
1413,50.58416666666667
6234,59.77
13953,50.75
11870,43.975
17759,55.365
6200,42.10633333333333
135,67.97
6128,35.6
9836,50.04666666666666
11644,53.61
6364,41.575
2947,48.63
1794,52.1325
17213,79.61
5107,42.8
14401,57.33759615384615
4337,58.3425
2065,51.095
1015,54.53666666666666
2558,42.25416666666666
11875,52.77483333333333
15654,47.065
16929,48.43
16664,46.276666666666664
7534,55.59
7187,22.27
8059,65.83533333333334
13745,54.805
13122,48.375
11610,63.955
5622,70.7125
18308,43.7275
366,52.43
13611,77.925
6013,44.18125
15213,49.025
17109,53.325
7669,55.5325
1077,55.265
11260,45.015
3119,50.704375
7269,62.29
17624,46.69152380952381
13418,52.19041666666667
7667,65.45
3942,43.614
181,55.75391666666666
15301,48.035
13824,61.1925
14604,35.95
16486,79.71
15580,49.28833333333334
6670,53.5725
7426,59.355
15591,52.31761904761905
1801,47.56100000000001
2071,50.43833333333334
17898,66.11785714285713
9835,51.48
16145,52.045
8018,48.07
9972,53.225
16915,49.345
11869,47.39666666666666
11917,50.060500000000005
8012,56.88
17797,33.48
11488,49.305904761904756
15322,47.89125
5772,50.32
8183,57.526
3829,39.27
10017,50.48
16019,49.56791666666666
2127,54.62
15387,51.83
16523,87.0
11322,50.40547619047619
5037,43.22
9984,51.9975
3148,47.6625
10114,52.025
11129,48.905
14183,76.3985
10681,53.105
5419,47.815
3573,38.905
2069,49.95166666666666
16177,50.83666666666667
1195,57.80416666666666
14606,55.48
13970,42.75
17781,51.82166666666666
9519,75.1
14278,49.61600000000001
13581,56.97416666666666
2036,38.6525
4513,51.52
17276,66.62
2723,46.77
7203,42.312250000000006
18713,54.36666666666666
14811,42.0425
11640,49.52583333333334
9428,47.490500000000004
14003,73.045
15799,55.19333333333333
11662,66.76
11847,67.6775
3914,42.86
2263,52.51583333333334
13520,45.475
8330,50.92
15677,46.045
5794,39.275
384,49.13833333333334
16410,42.66700000000001
18603,52.17583333333334
12270,52.1375
2850,45.82
10287,49.4975
10437,56.98
17348,60.03261904761904
17166,52.076499999999996
7817,46.78
11005,53.015
765,80.75
11676,52.127166666666675
6137,38.015
11809,73.335
5474,54.65
8287,46.545
14860,62.535
5720,47.42285714285714
1162,56.81083333333334
3191,50.52
3888,19.059
8051,45.63
17798,96.0
2299,54.94
7413,42.92166666666667
8171,56.50666666666666
7029,48.685
4813,45.22333333333333
17409,81.0
4455,45.31
15102,50.7075
8934,84.835
11489,54.06
14624,70.805
14233,58.6175
14381,47.225
9015,35.775
6469,22.92
11353,74.385
11457,51.96583333333333
15339,42.9075
15439,50.4075
5242,48.775
8149,47.231
2438,49.29333333333333
15543,68.78166666666667
2982,42.93
9677,52.115
18135,51.660833333333336
16219,53.22
15006,58.075
3854,52.355
17725,51.82
12983,47.18333333333333
6788,48.2725
16313,83.31
5952,44.865
10392,51.09416666666666
1956,67.685
8129,45.88025
18004,56.667
14256,51.696999999999996
6,50.03625
18242,49.02
14740,49.56071428571428
2176,49.93
2261,49.33666666666667
16697,50.4875
6189,42.02
11550,80.85
18317,63.653333333333336
17609,57.21383333333335
9130,50.1825
6361,46.305
1497,54.19316666666666
14355,42.66333333333334
12863,54.0575
7039,44.22791666666666
1785,58.45399999999999
10692,50.6
9491,48.92
3630,31.065
10872,70.763
3557,51.34051136363636
6351,43.68
3470,51.73866666666667
17715,53.73416666666666
12684,48.23
16052,47.615
14099,23.998333333333335
14165,44.9375
11779,4.505
5561,47.096666666666664
11388,52.94225
12734,46.46583333333333
9855,48.77583333333334
12492,81.90416666666665
6227,57.77
8081,46.365
4073,51.765
16966,50.425
10714,46.91
16601,51.245
8492,81.965
13246,43.0825
7697,51.1625
6274,26.22416666666667
7093,26.32166666666667
13688,94.0
14575,52.147
15053,20.455
7876,52.355
17528,44.82
15330,38.62
10860,35.575
1895,49.94
18366,49.0825
5297,46.30666666666667
8727,66.99
10891,61.595
3378,41.7475
12964,61.36249999999999
6809,47.05916666666666
14956,51.26416666666666
447,61.65
4003,42.792
13010,44.2925
12668,49.525151515151514
7801,54.685
4529,54.41441071428572
17745,51.27333333333333
16909,45.005
18529,53.92
9424,50.4175
6191,42.616547619047616
3704,58.295
9262,46.035
9807,53.545
12138,46.895
9874,47.30916666666667
18114,68.975
3969,45.355
10622,64.24629166666666
5931,47.19
8685,59.455
11887,56.59291666666666
16789,56.2
14434,54.65208333333334
11685,47.2025
1354,67.015
10304,45.93
15927,70.115
2166,43.925
2323,62.935
1448,51.92049999999999
13762,47.9275
9888,56.361999999999995
16310,49.905625
12412,91.015
7471,76.945
14629,57.67
11496,72.57
16089,58.540625
9276,29.725
1884,65.075
7208,54.75033333333333
15144,49.196999999999996
10589,48.255
12627,47.3375
11212,52.92
15958,84.96020634920635
18584,63.815
13916,46.38166666666667
14112,44.97
14082,43.95
6668,52.355
4360,53.73666666666667
1981,41.875
7830,51.73866666666667
2062,49.37
9867,55.05285714285715
7814,56.275
7239,59.32833333333333
3210,67.25
1353,53.60166666666666
13530,49.18
3129,60.655
3577,49.74
270,69.575
9655,52.57583333333334
16120,72.70541666666666
4885,46.5875
8805,48.95625
18600,62.12
7257,43.38
1617,65.925
6785,39.32
921,64.355
4576,55.50666666666666
1824,51.454642857142865
7947,37.9475
16307,67.885
2777,63.81
3794,47.5725
15051,61.504285714285714
615,49.05
14957,30.10621428571429
7117,57.851000000000006
13547,51.38333333333333
11412,48.12
6053,50.95
1556,52.0775
9734,62.87142857142857
14670,50.72375
17191,60.085
13274,47.305
6462,55.62385714285714
16902,49.107
3225,44.2325
5278,40.075
1709,45.702
12316,54.163785714285716
13277,40.975
11556,55.3175
8426,59.28
14158,48.0075
956,35.77
15931,51.81
18422,45.575
7676,63.06
1228,91.185
13376,53.175
2413,64.395
10694,45.195
14334,85.345
5623,91.185
5173,47.225
13305,54.445
1289,51.37104166666666
14399,60.41430555555556
12932,66.885
31,51.645
18272,55.415
4352,57.41666666666667
13380,56.32
3416,56.26416666666666
7031,48.39875
5785,46.88166666666666
17286,57.58
10038,49.54816666666666
8428,58.223035714285714
14898,52.40541666666667
3856,47.51
6989,61.403333333333336
1758,49.93
10086,39.90083333333333
1144,73.75351229326233
6679,57.72555555555556
17900,73.2225
16842,33.06
18469,31.125
7769,47.1525
12962,59.205
11134,49.435
5697,51.3925
5354,45.53
18305,73.49
7158,65.71566666666668
4512,45.61666666666667
17197,53.64
3462,57.25466666666667
5908,96.0
5809,47.255
16785,59.105
10837,61.13083333333334
8301,52.24029411764706
9244,45.83
18303,73.5
13379,51.501999999999995
15976,51.085
12951,72.57
5678,50.07
1343,51.38916666666667
10834,43.855
4060,62.97916666666667
3755,46.035
9448,44.32899999999999
18579,42.00625
6479,48.3325
5689,47.985
404,51.38833333333333
17718,56.33
2486,49.45
2934,42.315
16663,39.985
7241,56.92174242424242
12334,45.9275
33,68.295
2001,45.77
14791,60.12875
13014,52.725
11962,51.356
8062,49.01714285714285
211,52.049285714285716
532,52.64666666666666
9775,57.76
5399,41.255
17857,60.67252029914529
13927,69.335
2547,46.86083333333333
2846,47.575
4633,50.9025
6519,66.65
8070,74.61
13709,80.865
15553,55.357
8830,52.73666666666667
12898,39.9775
16954,67.3
17475,52.98675
7028,53.199285714285715
17576,91.0
9635,54.62
16060,44.63083333333334
11417,52.58
10484,46.74136363636364
13302,57.72
14341,51.098
17105,52.05
10935,50.704375
7222,50.645
6276,47.39149999999999
7088,44.175
16030,49.15083333333333
13109,50.14166666666666
16314,77.0
16221,50.75971428571429
21,69.082
12979,65.145
5744,55.6175
13501,53.66416666666666
12343,54.215
640,51.380333333333326
13903,43.356
6347,52.360119047619044
9021,48.99840909090909
17765,46.31910714285715
18073,42.735
976,54.77
2658,49.625
15772,71.72
4600,45.8525
2379,68.975
13666,90.59
3606,53.32383333333333
6760,47.81
14130,43.035
3206,47.905
17928,78.41833333333334
10362,62.59
6109,36.535
15944,70.685
10474,37.435
14146,43.563
18607,51.18083333333334
14686,53.25
1275,52.68000487012987
3964,53.05
6086,47.83625
12340,48.155
13307,58.895
15921,74.545
6737,45.42
2899,43.985
13486,48.435
18674,69.945
9976,54.205
9028,77.0
7523,66.01
15179,68.875
14042,45.7725
8446,39.42
1698,52.765
9141,47.80708333333333
12063,47.86625
4689,48.95625
8359,71.35
6871,47.455
18834,50.99
11157,48.12166666666667
14909,49.042
17290,71.90666666666667
13550,69.335
10947,42.476000000000006
5114,35.035
18447,67.145
12719,49.12
12490,84.89271969696964
6812,50.665
15252,43.3825
5659,46.4575
16474,40.55
8968,64.69083333333333
7616,59.470916666666675
17385,98.0
13400,66.0
3157,51.13
7178,42.405085886335904
545,41.3775
4572,48.345
12939,70.815
14254,55.92825
5451,54.779940476190475
7278,79.21
556,49.6675
7880,60.403333333333336
12342,51.62333333333334
2282,51.615
8829,35.8575
17617,4.505
5525,48.38833333333334
1087,44.895
14007,45.92333333333334
528,52.435
7320,49.945
14253,54.68283333333333
13924,31.9975
6104,39.01
10568,46.6775
11575,47.3925
7098,49.83
7329,45.79933333333334
15616,54.40166666666667
14501,75.55125
4314,89.71
15154,52.130333333333326
14870,51.76
12313,48.7
7062,49.53583333333333
613,60.815
16673,37.755
12787,54.39414285714285
191,64.765
686,58.905
5453,47.466428571428565
389,30.03
4684,82.64333333333332
13847,44.65
9713,49.925
858,56.565
14614,52.31
16372,54.515
12204,28.33316666666667
17547,43.335
6608,43.1875
9058,85.355
5734,44.225
8807,58.838208333333334
2592,75.42
8630,53.865
16613,47.87583333333333
10370,53.635333333333335
3734,55.675
16814,45.89
17392,99.8625
6331,45.57541666666667
16629,43.79
12611,71.99
11932,48.015
1560,53.645
17249,65.105
16519,91.87
7890,56.95795454545454
1656,41.915
9372,52.85
16122,33.154583333333335
13156,49.9475
18273,49.065
17755,57.8725
17054,57.55339285714286
10045,50.994416666666666
10049,50.675
15135,56.11309523809524
4138,48.93
15919,72.805
1688,47.2525
14615,45.63
18533,44.87
9228,44.8825
5876,47.49
13289,37.69
5898,59.635
10553,45.89041666666667
8786,80.85
895,57.952
12846,57.784375
3950,50.31399999999999
10024,51.77
12373,47.8
16755,47.945
3604,49.88
6375,42.763999999999996
54,54.42833333333333
14764,46.7625
591,42.2375
15064,51.7325
17936,55.24
11197,45.65
11304,38.84
8638,73.7
14801,55.68875
18146,53.7775
8266,52.04
2522,56.11166666666667
13539,65.385
13618,51.515
8837,55.64833333333334
523,44.7075
7334,53.44432142857143
16760,47.42
221,44.925
2801,61.2625
5728,39.02
2185,44.4
5715,39.46
7311,50.4
7289,53.077333333333335
1816,52.95
7432,58.64583333333334
17876,43.095
6907,42.65875
2673,41.11083333333334
12223,51.35
8043,56.42333333333334
15781,68.95
14103,44.53916666666666
4363,56.36666666666666
15602,50.26583333333333
13876,49.99166666666667
13958,48.9
1278,48.37858333333334
13126,54.31
3288,54.6225
10374,65.07
1649,45.2025
4676,77.305
9513,49.685
9301,56.057648809523805
9911,91.885
5766,55.7
8634,54.13399999999999
4692,48.0025
13165,25.405
9081,47.2
18364,59.515
1468,50.684
15891,52.0775
10672,48.95625
6770,50.89158333333333
3579,48.76
15493,29.35
740,46.2
15441,73.11
4202,57.25
15625,51.03
14757,57.881333333333345
11513,67.625
302,68.835
13106,57.181875
17885,45.708499999999994
11105,48.185
16537,73.5125
6546,80.47
18580,67.905
6057,51.28625
18247,54.10416666666666
16746,45.305
697,78.9225
14966,45.38458333333334
5619,69.855
4448,42.82
10189,55.04666666666666
1619,18.285
10222,45.57142857142857
10364,67.575
8121,59.03857142857143
6448,74.955
6243,58.534375
4909,40.7545
11995,55.23428571428572
14244,43.5625
14211,50.425
13121,49.38208333333333
1933,73.58678571428571
10602,67.49
15804,57.3925
15098,82.24157465451216
15279,52.025
5337,48.6
6619,38.593
14305,76.71
8080,63.48
1190,53.24833333333334
3415,44.26125
9102,48.29
1032,39.41
17360,52.81666666666667
1265,48.88
15382,44.299499999999995
3032,43.785
7680,70.24
15073,57.04
9889,49.898999999999994
18468,21.995
18550,46.01625
8210,69.615
7073,47.8925
16928,49.7475
6701,44.805
4492,37.125
13450,48.145
1236,84.1825
13528,54.129333333333335
4410,42.52416666666667
5714,56.21916666666666
356,48.1025
10319,49.845
8200,51.842
1290,45.6775
10019,49.410833333333336
17943,58.94966666666667
9994,60.555
14779,72.6
14861,56.9375
10915,53.605
12012,35.775
2983,49.44916666666666
4143,52.445
7125,47.3275
14684,43.345
18470,38.815
17935,72.09
14518,46.725
16453,60.605
17683,46.9
7520,56.75
15085,85.0
9947,59.40625
11394,53.369
2298,72.955
14866,46.02
589,53.14
9189,61.775
2446,53.04166666666667
13770,70.84
12865,45.92333333333334
17974,48.3875
5252,51.83166666666667
6139,44.47666666666667
10998,48.73513888888888
16255,52.635
16864,48.21
3006,73.4
8984,39.93
9165,55.73833333333334
15343,48.05333333333334
6198,46.50833333333334
10015,51.828125
13097,48.065
4079,49.19875
4809,49.305
10695,50.455
17007,43.71041666666666
1809,55.87375
6358,44.98416666666666
5899,48.593999999999994
17924,64.09785714285714
9207,51.30380952380952
12570,45.41208333333333
18117,54.03
17294,70.06
17560,44.632333333333335
6044,46.99125
10505,46.8125
13573,71.195
7809,50.14
10158,63.04541666666667
4743,61.16642857142857
10501,46.89
5241,43.38
390,55.79
12561,45.2
3165,52.790608974358975
6049,48.285
6184,43.711000000000006
10986,50.085
2220,64.645
2074,47.6
9737,59.65091269841271
6986,66.025
9005,40.8525
4625,47.295
15883,53.48
5504,47.5575
10611,61.1545
18711,46.79
15262,51.17
9373,46.84166666666666
5651,43.73444444444444
685,67.89625
6897,46.99444444444444
1992,43.61
18504,58.83875
3255,51.761
4313,84.835
846,47.545
8246,41.595
13212,45.968999999999994
7355,67.305
3178,45.035
14089,49.83
12281,51.10333333333333
4440,48.52
10748,42.625
7252,55.35666666666666
6024,50.255
18543,51.29916666666667
8503,63.19
16147,54.785
7138,39.545
5662,50.01625
14803,21.72625
12893,50.56833333333333
14231,52.59216666666667
10637,62.875
6961,46.485
3646,52.896
7472,89.855
18416,52.284375
12815,51.33166666666666
11904,53.71
16738,38.76
11902,53.458
7638,73.565
18823,46.73083333333334
9729,59.354
1542,67.89
8762,78.195
7342,61.285
3654,51.32333333333334
15328,43.795
18596,51.49
4454,45.70875
619,53.91333333333334
18118,62.75666666666667
3398,56.82
771,53.5925
7773,46.725
8465,60.12875
9652,51.85
11520,49.925
10584,53.535
9406,48.07666666666667
11824,58.13
1832,51.58083333333334
14733,49.455
11728,61.905
4186,46.44
9993,51.1025
14430,47.992875000000005
7465,99.0
759,48.93416666666667
10931,51.13
10433,50.63708333333334
4163,47.51
3528,62.46166666666667
16815,45.51583333333333
14025,52.195
7553,47.475
11622,51.653999999999996
16464,49.21
7069,42.685
9109,47.4575
224,45.835
1726,50.80125
9413,50.05
6075,45.87
11138,46.305
8213,65.4
16672,51.11
3519,52.00523809523809
13535,54.05833333333333
11634,53.44432142857143
2893,49.785
16216,53.63386363636364
10934,57.865625
17274,62.525
1169,50.45916666666666
4957,47.6425
9951,52.12791666666667
11339,69.937
5351,46.38833333333334
16641,45.875
18492,55.52166666666667
4550,48.6425
12781,52.05
17927,50.71
3474,47.7925
12961,27.6325
4501,44.95
1592,66.035
11609,53.17833333333333
186,59.41
10726,41.629285714285714
8802,34.01
16640,49.86
2685,50.43
8054,37.069
12402,88.995
9376,48.67833333333333
15115,52.69333333333334
957,48.54083333333334
14482,67.075
5262,47.71
18165,41.78
18379,66.01774999999999
3405,63.915
2012,35.4
1754,58.045
10667,59.4775
4293,39.915
17144,61.971666666666664
18684,32.369
14652,41.2125
6885,41.88166666666666
14080,44.37
4256,54.57
14736,44.32
12037,29.35
5168,42.46866666666667
7458,76.19
4645,68.97
15523,50.44
2533,52.905
13221,51.81
14477,88.86
2479,56.534
3824,42.205
1669,58.6175
6599,42.711999999999996
2641,48.47166666666667
10494,48.36166666666666
9007,50.65833333333333
4283,58.925
6275,39.045
4432,45.11071428571429
14135,43.6755
3060,47.64285714285714
7479,75.97
426,51.8825
12768,60.876000000000005
9989,58.25625
16951,55.76916666666666
11708,98.0
9197,51.795
5267,46.732
13851,51.215
1159,48.1
4552,54.015
5393,49.825
11619,67.435
998,46.535
15042,33.60578571428571
10424,43.975
15248,54.4575
8514,63.72416666666666
9154,67.883
3242,39.52
16356,48.65333333333333
14666,45.705
5104,41.485
15951,46.525
17870,59.705
6260,92.605
11465,54.46333333333333
1008,48.148
6471,67.5975
14417,48.13133333333333
8245,49.655
11978,52.035
15188,50.79083333333334
14565,48.025
767,71.905
12319,46.42
15403,47.58325
5366,54.1075
1585,62.73
7975,40.19566666666667
3501,44.97428571428571
2133,45.215
3441,91.0
8803,60.28708333333334
3140,64.24
13048,46.592857142857135
12879,47.7935
4166,53.68
92,55.495
14857,50.39
2392,33.18
3375,38.63
11975,54.424666666666674
4452,44.04
4171,55.84
531,63.115
17410,67.5975
1024,67.795
18710,44.98916666666666
15999,55.33
2626,45.93563636363637
5450,48.535
1254,90.0
17329,49.12333333333333
15475,39.085
1193,53.76333333333334
15832,58.26333333333334
11025,47.985
4519,61.755
1007,62.535
11547,56.675
869,64.34964285714287
1299,46.24
10259,94.0
16870,57.07383333333333
11636,49.93020833333334
6080,60.335
4829,48.26
16360,55.9925
4301,99.0
17644,87.0
8880,47.14
5167,51.236999999999995
7474,79.21
9087,44.8
18212,52.38333333333333
14745,52.525
5806,43.965
14215,48.195
8096,81.0
11233,54.80833333333333
16460,50.285
13359,56.45
10271,86.14
12633,56.94666666666666
16859,46.68
4675,57.41666666666667
14843,46.024499999999996
5184,42.6
17586,77.925
17949,55.51466666666667
8768,96.0
5261,47.78833333333333
14881,75.34
6459,47.37125
15170,46.76833333333333
1142,50.2975
13473,56.27357142857143
16630,44.47
8127,48.605
17111,55.29366666666667
10770,45.589285714285715
1326,43.223
2824,41.56
18483,36.685
17170,52.16778571428571
4487,46.045
932,53.205
693,51.00458333333333
11428,49.055
14026,23.945
608,47.92833333333334
15753,49.08383333333333
14784,49.12
8427,47.7
13235,40.095
13860,55.1975
3197,47.93833333333333
18515,68.58583333333333
4431,45.80416666666667
6782,53.88208333333334
44,43.035
4412,39.87
15030,46.075
3592,46.9175
8432,50.43166666666666
11521,51.35125
8579,52.37875
4428,48.486
1168,52.60166666666667
1668,55.59
2633,49.3175
12816,56.0275
7612,61.495
9968,59.14
12170,40.835
12335,51.26830357142857
3181,55.3125
4044,58.405
3133,58.355
6799,41.41625
15579,62.293
7454,91.0
5551,55.065714285714286
18049,41.245666666666665
16311,44.605
1513,57.31833333333333
8866,53.665
52,49.018416666666674
14603,47.6775
6224,74.49830584693085
501,43.37350000000001
16183,50.0575
1610,75.34
4176,48.5875
17540,42.925
18435,53.255
13873,68.515
11281,46.716
17525,37.785
1882,59.35450000000001
11799,70.905
11767,60.215
6528,86.23666666666668
15243,52.40654761904762
847,50.57857142857143
4609,46.755
5127,48.94
4145,48.59
6192,51.10966666666667
8936,34.06
14608,47.975
2077,61.49833333333333
4023,45.53166666666666
272,61.0225
2396,46.66
2751,43.31
17806,93.53
16124,25.355
12582,50.545
6363,47.495
17836,78.01
6320,50.880541666666666
524,59.10333333333334
3821,45.41
17622,58.00083333333334
12142,50.588690476190486
16395,42.66
18264,49.205
9388,48.849
10773,43.967222222222226
12001,27.56
11530,52.275
10735,41.17
2167,64.48
7999,42.66333333333333
18030,49.23166666666666
12006,35.99
7008,48.205
656,55.075
18476,8.042
2005,50.995
1097,48.96333333333334
4140,45.045
6063,46.57
2992,49.59375
3583,67.05
11740,86.25
9845,57.60166666666666
2693,44.44166666666666
8309,62.47
12452,47.6125
18738,65.52
16365,46.825
3153,65.36
928,50.452000000000005
17117,71.63
5692,59.46473214285714
2662,50.68833333333334
15809,51.77
14914,47.02142857142857
15401,48.60958333333334
15131,51.19225
9611,63.295
15851,82.285
649,51.31
15374,46.11
11332,51.45
8795,57.817
5229,43.57
1424,52.982
7122,48.57625
2883,47.87
12998,46.29
10600,85.3
16680,49.285
6084,48.63
14225,64.029
4480,44.97895833333334
904,50.2505
5305,46.11
3234,50.56
2800,48.68
9753,60.97416666666667
8409,55.387
14879,80.15494588744589
8015,54.425
396,52.59416666666666
14118,45.69916666666666
1624,54.13
7648,74.758
11566,47.53
15412,50.405
8602,63.5395
3102,44.14266666666666
7360,50.17083333333334
14807,44.17
12887,51.18
3634,55.76916666666666
16960,56.60309523809525
1176,52.1275
13707,94.0
2836,41.27
84,51.68333333333333
11255,45.62833333333334
5108,46.4
2418,56.875
18650,61.350347222222226
17184,49.575
56,42.6075
14106,46.315
2889,47.4125
16512,95.0
1331,47.8675
6756,52.587333333333326
12971,39.6
10857,32.46541666666666
8536,69.495
5903,74.81
16624,34.155
4525,47.48
13951,48.015
4922,66.51
14782,10.42
6882,53.58
9759,74.385
12121,44.85
2290,48.8825
17647,92.0
17785,55.92166666666666
7475,91.0
3894,46.97
15181,49.48666666666668
11987,49.75
3150,49.83833333333334
17897,53.36083333333334
1867,77.295
6699,53.345
2511,51.93
1489,47.22
3848,54.36
15655,69.53741071428571
5568,45.839
451,46.94833333333333
11252,55.21666666666667
2422,44.2725
8887,51.64529411764706
6072,54.425
16957,47.795
15365,48.4057196969697
11977,51.6425
3295,50.5925
993,61.335
9689,60.9
11196,48.295
7072,34.52
6603,38.4
1727,50.82958333333334
15704,55.56533333333333
11028,54.005
15071,48.434
5788,48.37533333333333
14209,46.195
4650,57.925
14816,51.366499999999995
11485,87.0
14409,53.39388888888889
6685,55.895
16535,45.555
18490,92.605
15178,55.3175
11200,46.4
4357,53.75166666666666
3676,54.662
2123,62.19
1005,39.57333333333333
6834,53.265
5330,49.025
2103,50.025
13524,55.11583333333333
4711,47.93
16618,49.255
17318,48.24
4241,64.335
9466,38.4025
13972,25.355
4477,38.47266666666666
18166,63.34208333333333
5332,40.3
4067,55.315
7919,53.8125
9389,49.48233333333334
4959,60.59
1612,39.27775
15039,39.99833333333333
2002,42.86
8722,52.790608974358975
8147,47.55
454,49.07
12046,62.40833333333333
15501,54.75
11914,50.67
13555,56.77
6624,41.08666666666666
2499,60.44
9191,57.401017857142854
15428,57.5684880952381
6559,50.715
6444,49.849444444444444
3605,47.88
6738,51.815
9766,64.48
883,52.105
4987,41.645
6813,55.29233333333334
14342,38.89
891,52.33
16261,44.32899999999999
17302,60.665
9018,76.945
2369,46.69083333333334
5929,50.11
11504,53.505
3629,70.45666666666666
16862,50.41291666666667
10877,48.53
16127,61.75138888888889
2526,45.91916666666666
16756,44.185
2115,62.225
6301,56.07
14156,47.5325
7304,51.9
9697,76.635
1456,49.3
13557,94.0
12827,56.427
577,57.485
14088,44.74825
18232,60.18809523809524
9863,53.5725
563,51.3875
16972,51.23
11511,53.265
14379,51.1
9342,48.345
3034,50.47833333333333
10717,45.985
10373,47.65833333333334
6991,24.14
269,70.48
12733,50.765
1528,50.5925
9731,60.78
12336,45.425
1209,50.778333333333336
15384,51.67625
4504,45.565
11031,46.92
10235,44.755
9730,48.03
14602,50.585
1714,46.343500000000006
17905,81.315
11298,45.84
14984,48.4
18000,8.45
8396,41.56125
3666,67.51
1889,50.74
17148,60.14
16404,45.54466666666667
16424,51.05
7171,72.11333333333334
7361,66.225
11383,54.16283333333333
16354,46.12875
5686,51.4725
17038,48.98166666666666
6034,48.836999999999996
3458,67.2
11909,61.265
1263,76.19
354,53.77
16050,49.715
14581,42.541916666666665
7774,52.8975
13787,50.34
13345,58.31
1525,48.765
17776,47.08875
4408,48.72
18498,58.55916666666667
3123,68.19
5163,48.38
364,65.6275
10740,42.419
7343,62.2075
13465,50.015
11843,71.63
2225,42.125
16332,51.56666666666667
5801,55.0425
2468,50.7625
3853,48.39
7376,52.344166666666666
12077,33.295
10503,51.31645833333334
17242,59.354
8115,72.57
18660,62.252154761904755
12254,51.66666666666667
10013,42.335
4508,52.051428571428566
1887,47.52
9673,57.7925
1416,52.0725
10570,52.29583333333334
15674,47.523125
18063,43.86
4372,54.05375
5044,47.7175
482,46.346666666666664
12610,48.165
11372,55.57
3407,78.66
11358,55.59
9830,49.77375
11362,74.67291666666667
17598,81.685
12857,47.395
13017,58.6625
16495,84.904
12521,67.99166666666667
4660,75.67118253968255
13137,50.9725
1351,52.13
11793,90.0
8475,51.0855
16643,44.29
2398,54.86125
18577,55.33454545454545
15555,53.995
315,48.73
16856,44.60666666666666
17469,59.91291666666666
18556,50.416333333333334
13900,59.281666666666666
11291,39.43125
10684,44.05
17488,41.233809523809526
7380,55.82166666666666
3805,54.156666666666666
6388,44.623999999999995
4810,55.3
10753,50.055
736,62.415
12557,49.275
5798,49.03625
15519,77.645
2249,78.9225
17049,68.24
10384,54.19
2098,49.01
6059,18.785
10436,43.715
8921,69.84
8430,51.865
9558,48.665
1854,39.08
14069,40.915
5205,35.98
11933,55.775
14374,43.08
15289,41.92
4936,53.26033333333333
17665,86.23666666666668
18746,66.34
14263,50.47
925,53.89
7285,61.995619047619044
15380,43.777
2980,48.53216666666667
11512,96.0
12330,62.84125
11162,48.685
293,51.245
17344,53.85125
14817,55.525
16288,91.0
18351,53.30875
18041,43.98666666666666
9965,48.64
4856,46.70399999999999
16811,73.5125
9584,54.81
8358,84.89271969696964
4538,49.030833333333334
7275,1.53
1828,59.3305
14756,49.445
17036,61.600666666666676
17347,54.7025
4940,57.465
9471,56.10916666666667
14773,21.995
17931,49.49100000000001
13474,55.625
11951,54.8635
16817,48.315
12022,52.2
12234,50.93200000000001
16026,51.748875000000005
10766,45.545
6951,63.848833333333324
3884,45.02125
87,73.11
17816,94.0
5082,48.06463636363637
13791,41.05
9215,47.1
4852,47.225
11056,58.09
10506,50.075
602,49.44
10393,66.885
7220,44.98250000000001
16768,48.63091666666667
17523,44.45
18570,44.2475
12407,74.955
11908,64.13666666666666
12103,43.945
13938,77.66
12603,52.98666666666666
9410,50.29333333333334
945,48.65
11216,50.725
4263,58.605
500,45.49291666666666
12652,51.66666666666667
13149,46.71666666666666
13531,48.17
8874,66.835
17710,43.735
1550,45.15
4619,52.91583333333334
10577,43.54
17607,92.0
17096,52.81
17853,79.85
16479,49.945
12428,56.77
15159,70.3
2429,60.945
17253,66.0575
4253,54.4
8307,46.885
8329,48.62
1131,56.6
14788,36.685
17434,94.0
9740,46.675
363,49.6
12134,53.026666666666664
4127,46.20125
4068,72.62
18700,61.34
17746,54.31738095238095
8656,55.57
9754,60.715
5642,52.77916666666667
7869,60.615
8252,42.09
15607,49.507777777777775
12862,51.3065
12306,52.363928571428566
11858,55.3175
8244,44.9225
10804,43.4
10289,50.433607142857156
13723,80.865
16226,56.7
1237,51.5525
11953,54.72666666666667
5389,48.34
13575,72.57
7768,49.25
14917,38.1775
6994,49.92166666666666
4333,73.75
10108,52.46666666666667
2520,47.65166666666667
1636,49.92
18611,50.076499999999996
5438,50.255
9992,21.2675
2574,49.78
8268,47.61916666666667
18761,61.965
12830,46.20125
10648,78.22166666666666
11267,44.9675
2539,44.55
17638,99.8625
2645,58.515
13945,64.81222222222223
11377,70.156
1220,54.06458333333334
18,70.075
14331,79.21
5643,48.45
2452,51.87027777777778
3168,56.145
11948,46.29
8564,69.165
14515,57.48357142857143
17712,42.35
6497,70.195
9705,47.79916666666667
8520,48.20916666666666
16931,49.92533333333333
5211,42.965
1044,64.58933333333333
13546,54.760619047619045
10338,49.87119047619048
15425,54.165
927,57.92785714285715
16349,36.28375
15521,50.907333333333334
16695,47.065
6101,48.545
134,49.18666666666666
5635,72.005
15817,44.12
15235,40.97
3018,44.54
4406,43.50666666666666
16009,48.29
16804,66.62
16487,94.0
6584,48.275
17406,77.925
8385,68.255
5727,50.23583333333334
9998,52.985
1671,55.82625
125,64.95
3601,49.83833333333334
17198,59.87243434343434
15679,54.445
15547,95.0
8712,66.96
1811,54.75666666666666
2760,45.65
362,54.77666666666667
6450,12.44
15055,34.805
4319,76.3985
13932,89.0
992,55.945
3315,59.75875
14859,77.075
45,63.015
15393,48.5225
8449,54.785
4355,87.395
17958,54.859750000000005
14234,48.56
9700,49.81791666666667
7421,49.025
343,41.045
18112,54.43916666666666
15945,46.76
1879,58.3725
8609,62.75666666666667
9411,48.46333333333334
4542,50.45
28,50.03
15096,98.0
10849,47.31
17616,98.0
7719,49.47
4811,51.54
4769,74.81
1229,99.0
8453,47.2975
6659,62.9575
8945,87.0
12419,95.0
5443,47.4375
8557,33.16
4040,81.47
17293,61.235
17250,61.225
12543,53.458
15007,29.6
13338,56.79
39,75.564
12283,49.79580357142857
8339,47.46
1233,0.95
15498,59.135
10050,52.14
13902,51.48916666666667
16853,56.67
17565,62.87142857142857
8501,41.94
6115,35.20375
1140,87.0
1958,40.49857142857143
322,46.192
9404,48.765
2874,49.805
7420,70.49
17662,73.565
4882,39.94
3054,57.47
1788,52.955
6714,46.25
8439,43.325
4336,95.0
13256,39.585
9089,43.46
18024,51.3825
12704,49.77
306,60.8
7368,48.83833333333333
178,45.945
2070,54.715
15586,55.053999999999995
4949,71.24
114,53.6825
7802,52.8625
1549,48.695
986,50.455
11328,73.5125
6330,44.5275
809,53.085
18491,47.33
17783,58.04666666666666
18637,67.97
14000,57.407
10422,50.4325
1437,53.44
8628,30.8975
14073,46.685
17642,64.20160317460319
16185,51.10583333333334
8563,76.87
12038,38.265
13926,79.27917637917638
6586,45.74608333333334
8714,76.19
14488,60.443888888888885
5223,41.655
6899,55.4825
5177,38.465
7070,42.45875
10640,72.515
8367,66.11785714285713
2192,47.051
2929,38.87166666666666
11364,58.838208333333334
2474,49.1325
1541,51.6175
14280,53.92892857142857
2473,55.06
15003,56.2125
2089,49.57
9001,53.562083333333334
2314,63.653333333333336
11118,42.93
16024,51.29
8972,46.206785714285715
5072,41.277
10075,50.721666666666664
16196,58.125
2300,54.5575
829,70.885
11450,49.585
12737,4.505
4992,38.92
16389,44.05
6766,49.99666666666666
18752,66.195
16627,41.294285714285714
1267,51.454642857142865
9053,66.87
5440,49.36
13665,73.75351229326233
14317,93.125
9567,50.18833333333333
8305,50.41541666666666
10330,49.9
1127,35.545
13553,71.395
18414,53.175
8412,51.665
1197,64.45580586080585
1548,57.465
13856,49.295
1181,58.5925
10936,48.727
17687,21.561666666666664
2595,45.325
3585,45.305
4724,55.23301190476191
3393,47.93916666666667
1348,46.45
10702,48.61291666666666
14274,51.833722222222235
17209,70.035
6069,52.40166666666667
7414,65.6575
5314,47.7575
10153,45.335
16103,50.145
8848,57.795
13658,67.855
12240,45.33
16274,56.849
14252,49.105
4667,66.9
13453,44.6175
15152,51.71491666666667
11828,55.12875
13399,41.18
2835,50.33166666666666
6088,45.58625
15682,46.77
9296,54.1925
18654,52.6425
7687,47.43333333333334
14671,49.92583333333333
18704,80.49
3876,40.99
17649,43.00983333333333
17689,51.67333333333333
299,36.97785714285714
4732,84.14
11493,50.810357142857136
1418,52.27585714285715
16096,48.528333333333336
13483,52.11333333333334
1970,40.005
8904,90.0
2318,47.2375
3111,58.69
6306,41.928000000000004
14101,49.51666666666666
2361,53.74
14765,47.6575
16029,50.93
5151,48.605
6877,43.73
14687,59.80797619047619
15052,44.22
3796,53.02375
9505,45.1175
12399,91.87
11830,74.70182539682538
16961,62.15
17858,56.625
4013,41.1
3135,50.22
12296,38.295
4648,44.78
14345,42.02
11647,66.422
17398,61.495
9125,41.66416666666667
13407,49.47
8941,67.46
10046,49.8185
2703,67.29
13213,49.91785714285714
12486,49.595
2556,45.37
10125,49.50833333333333
15952,79.82
2219,45.96
8596,59.35450000000001
8471,50.07416666666666
8654,54.418083333333335
14783,44.575
15577,72.62
17767,49.06125
15249,54.63
11817,20.005
11046,76.19
6427,50.33833333333334
14154,50.85041666666667
14946,44.707
6846,47.09
9748,50.365
13255,46.33536111111111
596,52.325
12304,82.08
4500,45.78
1498,34.7
4737,55.910192307692306
18215,42.75
401,50.641000000000005
12171,45.841
6096,46.205
7939,30.015
5488,44.905
12163,58.07899999999999
13815,51.02
14539,43.9475
5616,37.345
592,63.05
12076,47.285
6178,47.27
13262,40.455999999999996
8364,88.995
7521,52.61666666666666
4850,50.012
5769,47.595
2498,48.7275
18078,40.3075
16329,43.73
3760,48.13125
12920,27.605
4678,85.63
3525,48.20166666666666
13225,41.94
14825,53.63
12406,94.0
17386,95.0
9160,61.09666666666667
8651,46.845749999999995
2807,49.15071428571429
7524,91.0
1926,65.74816666666666
11461,49.08
10989,52.505
16549,52.049285714285716
5247,47.5
12800,46.479
2900,62.89
15601,52.11366666666667
14493,53.43
3997,43.519
10116,58.365
14534,52.265
6481,87.0
5090,46.8875
17907,62.09825
5813,47.01
10263,51.628
7976,50.859047619047615
7918,47.80350000000001
16740,39.5575
4321,89.7317976190476
11023,50.923500000000004
5819,53.14473809523809
2112,52.17
6793,52.005
184,51.42166666666667
7993,48.1125
2582,38.97666666666667
1201,53.20166666666666
2131,54.71
3648,60.931000000000004
552,48.23
13342,49.005
14837,45.64333333333333
4606,54.51
13534,57.76
461,59.105
16538,41.63
6896,55.405
7438,62.72
6664,49.94916666666667
7609,94.0
2635,42.72
3995,47.632333333333335
13074,49.4825
2181,50.009833333333326
8458,50.07166666666667
11508,56.95
5853,23.61833333333333
3813,57.73083333333334
14920,48.245
10951,67.635
12481,36.28
11599,67.20166666666667
7549,62.75666666666667
13438,49.70666666666666
7587,89.38
5345,44.39
4466,44.82
7875,40.31
977,48.425
14951,49.7275
8982,51.90804761904762
842,68.55333333333334
17008,51.145
3030,41.99
1445,48.96333333333334
18826,65.195
6613,37.35
6304,53.895
11871,66.563
13991,61.75138888888889
12667,49.55833333333334
14048,48.590714285714284
18462,42.975
2006,27.2
8990,49.361916666666666
5365,47.16833333333333
12005,55.035
6583,36.21
7645,83.07
18285,52.755
14600,48.19
11670,79.5989655067155
10893,57.59
548,54.08166666666667
4269,59.2075
8078,45.1775
12509,45.335
5942,54.515
4330,50.76
11665,99.8625
1174,47.4
15094,96.0
2230,61.67
9204,49.475
14284,48.3
5887,70.305
424,67.96
17189,54.3795
5291,42.886
13725,58.355
10914,46.18
3713,42.7725
5811,51.92791666666666
13703,95.0
920,56.27
1457,64.08
4557,50.03
18609,55.265
18406,57.03883333333333
17668,51.17833333333334
14498,61.6725
15615,50.835
4418,48.49
1586,71.91407142857143
4304,82.21
10408,45.5075
8050,53.84
4307,94.0
1825,53.0
8422,60.175
14046,42.51466666666667
11942,52.969630952380946
7189,65.71
7494,67.355
10615,50.155
14393,47.405
15943,72.92
10324,43.41
5045,49.05
7483,56.546499999999995
17959,53.13083333333333
16429,46.265
14338,83.845
13751,57.0325
13630,65.905
2752,34.39875
11961,77.185
1217,52.65683333333333
10656,49.6725
6676,61.08125
3589,48.79
13796,68.875
9926,50.76
18769,30.41166666666667
3443,99.0
8846,54.785
5361,40.15
11109,47.74166666666667
13050,45.71875
4277,55.97904761904761
4388,53.98566666666667
7574,99.0
2919,49.66519230769231
433,61.55916666666666
14016,47.755
11384,57.41666666666667
9052,50.96
15717,41.85
5358,55.473333333333336
11972,54.1125
4288,42.04666666666666
16374,47.16333333333334
274,62.225
7266,47.74821428571428
8060,49.65
1154,50.71
10329,53.72
1372,53.285
18086,61.225
12497,19.955
13428,43.81023809523809
17283,58.8275
16939,50.05325
4491,50.955
2811,47.065
11104,46.155
3341,50.937
14109,48.33
12875,60.12875
10040,46.725
4115,61.13
5632,96.0
16655,44.7925
7537,57.805
1946,52.82125
13324,57.3
11878,88.575
6579,41.8075
8812,52.18958333333334
13867,81.955
15013,54.25
1587,53.135
10598,54.04666666666667
14478,36.39166666666667
1025,33.18
7480,44.685
12052,36.385
2084,39.045
13311,57.615
16051,48.89666666666667
251,41.175
6663,48.386
11042,61.0
9395,71.185
393,47.63
6694,55.64125
594,50.76166666666666
5895,55.468333333333334
4327,83.915
17889,44.54833333333334
13755,46.1525
8088,44.345
4745,59.46787500000001
7866,61.607
8994,61.40979166666667
6391,63.298
4161,41.86
2753,43.94
9816,51.415
12759,50.4845
6533,56.05
1038,51.06
10473,46.4575
15850,69.937
1795,57.26844696969697
7123,67.225
1250,97.0
16887,48.96083333333334
7081,37.14
8955,51.12
8550,70.66
16502,72.825
8395,57.02666666666667
4371,46.565
667,60.922
10526,52.96333333333333
13060,24.0
15932,45.45446428571429
13689,67.745
8216,58.35
1414,50.51666666666666
9506,46.905
2585,42.84
8086,52.93833333333333
104,53.8
984,51.99
15648,50.91333333333334
8390,55.24
4785,57.755
10026,49.85083333333333
4647,72.825
4465,47.66
5916,52.99
15768,53.34916666666667
8853,46.995
14814,48.64833333333334
12338,71.83845238095238
17699,42.805
4509,53.04
15033,55.9925
15234,58.35166666666666
2692,44.53
6404,40.9925
16858,73.525
15303,46.395
6405,70.435
3221,35.015
3886,44.755
17272,65.375
14150,44.54
16346,49.425
8243,48.32
13778,51.38
16418,47.235142857142854
16201,46.79166666666667
803,50.81583333333333
14754,55.22516666666667
2958,54.99
243,56.805
15783,55.66499999999999
7737,57.9825
12938,52.499375
4088,72.02
5800,49.105
3272,49.13583333333333
17773,53.81041666666666
5823,49.315
14386,43.61166666666667
10978,41.25083333333333
4430,47.16
6186,46.31958333333334
2211,37.315
3797,44.57
17228,77.57
9923,50.775
1484,53.603125
15529,52.64708333333333
12129,48.6825
18499,57.21383333333335
1212,52.405
16427,57.17375
5892,72.99
17147,52.28916666666667
9784,49.3125
5402,48.61
6935,47.275
14792,51.58683333333333
6700,59.16
1514,48.375142857142855
17848,65.39857142857143
520,53.868
959,74.825
3697,67.51
876,53.065
17159,53.995
10311,37.69416666666667
18363,58.005
2981,48.62166666666667
18615,40.47
2758,43.005
248,41.175
12585,51.37583333333334
16038,54.5045
10478,50.47
9012,82.0
12331,55.025
12072,35.79
12029,51.045
9396,52.845
4851,46.093
6891,51.0
5255,48.08
16135,63.97708333333333
7923,46.2325
13143,67.24791666666665
4392,55.49
1822,48.7375
11195,46.635
5029,38.0
4206,45.6775
2659,46.378
1028,47.934
9651,53.11541666666667
14780,38.235
16504,94.0
2921,59.975
17122,64.6775
296,56.75
266,52.87
10652,58.76666666666666
11936,65.65
5747,45.33
9508,44.14416666666666
10231,45.965
1473,47.62
6141,39.525
17211,59.35166666666666
13615,82.21
16388,45.3975
11476,47.125
9061,46.55
17526,44.795
3039,46.5325
1452,81.13
3235,46.31
8441,45.92333333333334
18037,48.1
10095,46.36683333333333
11548,59.3305
11926,63.612333333333346
10003,83.805
17605,37.66
11185,53.66416666666666
1248,78.0
14708,50.60333333333333
101,84.08071428571428
16541,72.46
16561,45.7
16056,49.765
7340,52.07583333333334
429,42.13666666666666
13765,53.69533333333333
9941,49.95833333333334
7022,53.51458333333334
7428,47.295
18744,35.295
1757,46.7025
5175,41.53
9683,48.33583333333334
14842,54.2775
4278,82.08
185,50.85
6511,51.515
16953,50.03
6302,59.61
16235,56.395
7818,49.675
10477,51.78
8572,49.1875
3472,48.064047619047614
11664,98.0
5808,51.76721428571428
2336,69.945
9112,48.1975
16069,48.56
2235,52.355
4669,63.885
11938,57.97333333333333
11736,77.185
6045,50.265
16646,44.5675
13116,52.51380952380952
7775,39.33
15720,64.48
9144,48.05
7891,46.98416666666666
11066,57.12764285714287
9844,49.674
2328,48.61333333333334
601,73.635
63,71.415
2050,69.13
13232,48.37045454545455
16006,67.18666666666667
11788,50.13944444444444
8405,54.71
10277,56.361000000000004
12755,47.68166666666667
10332,54.7075
15437,69.98
11851,59.74604166666666
18520,61.16944444444445
4267,55.51
2196,61.65
4654,89.705
5560,45.43333333333333
10005,49.19166666666667
17694,49.8475
18471,50.36
9725,56.335
10991,56.560500000000005
1830,41.7
7713,50.27
17830,77.00222222222223
9462,49.015
16822,44.9375
13921,58.05
14343,37.905
7925,35.105
11974,55.57
7864,55.425
12575,44.29642857142857
8176,44.13
12105,53.24083333333334
10957,52.1375
10624,55.73
17864,63.28810606060607
2979,50.0275
4666,81.90416666666665
16645,47.1
14267,43.97
7294,53.70625
3749,53.61975
9487,54.68
6910,44.97985714285714
4078,49.251000000000005
14639,55.8
5310,48.30869047619048
17241,49.21
8420,63.015
7781,54.20666666666667
14711,47.6825
10534,56.92333333333333
15993,49.655
10719,48.03
7932,55.4575
7926,46.20125
5388,53.15
1467,54.090833333333336
11373,72.805
17700,50.57857142857143
17001,52.03333333333334
7071,41.16
12855,65.925
17401,80.865
4009,57.11833333333333
15174,51.4
9669,62.445
2989,38.685
14017,46.98583333333334
10601,84.82
475,31.39
2719,42.085
13888,48.72033333333333
2362,48.92628571428571
14178,90.0
18621,46.5475
435,45.315
7095,33.76
7846,32.369
3877,45.22
10094,38.19958333333334
1563,49.335
12520,57.292142857142856
791,64.62
1454,67.015
6477,74.81
8898,98.0
13720,54.465
6295,70.22166666666666
4413,51.455
11911,46.92916666666666
5322,47.594357142857135
3562,50.22
1993,41.595
6920,54.19408333333333
1099,73.795
5526,50.465
12658,48.065
5865,50.095
12666,49.0002196969697
17872,50.35
15794,54.92375
15833,62.381190476190476
453,46.42
12918,49.20875000000001
8480,52.1375
17634,85.3
7786,59.1875
11093,58.99
16544,62.18
17471,54.93416666666666
2142,58.40950000000001
17019,91.0
8040,49.9875
12826,57.54020833333333
5554,54.982
15660,56.08625
1570,48.67
9902,44.92
13231,45.05666666666666
5019,45.221000000000004
1280,52.395
12160,41.025
13655,62.165
9929,47.43666666666666
13659,70.195
10730,45.365
4028,53.725
3460,89.38
12395,65.385
8191,41.2925
13771,56.54366666666667
996,44.35
10898,55.855
11073,62.975
934,48.14375
3564,45.435
11220,51.58
754,45.97616666666666
11993,53.04
4530,50.7625
5905,72.405
3543,45.4075
9645,55.547
7067,49.37571428571428
17173,67.06
3972,48.615
10642,33.829
13334,50.855
4780,62.045
18054,43.59583333333334
14891,60.985
13102,80.865
14063,42.5325
4177,50.9
1368,61.07
15282,49.215
10810,39.07
2926,39.1525
1708,55.55
18243,62.886369047619056
10653,52.79166666666667
12948,63.11083333333333
14672,53.15
11038,20.655
7892,53.406499999999994
4766,59.205
16445,61.19666666666667
5579,44.795
3896,45.39
8349,41.6475
11539,61.45827272727272
10163,45.558
7388,54.82854761904761
12016,54.05833333333333
9327,47.51033333333333
15180,61.04833333333333
4174,57.035
15515,52.3375
526,65.47416666666668
8158,49.675
13587,61.50999999999999
8891,56.426875
8884,50.355166666666676
4881,77.075
3883,43.71166666666666
10906,46.14166666666666
6238,54.28875
12966,66.11
11421,52.206412698412706
2,39.35333333333333
10859,50.96809523809524
17771,48.232
2560,39.78733333333333
12669,44.108125
13420,81.47
15855,56.863583333333324
8615,48.03
12547,54.5125
17930,65.695
16405,47.72
18038,55.68875
7045,51.81
14404,57.97291666666666
15318,43.91
8928,52.33833333333334
17465,67.365
13466,49.055
4098,55.7465
9068,39.755
10788,41.846000000000004
11570,40.605
9510,42.431000000000004
10171,83.21
5251,47.9225
3807,49.91479166666666
16463,51.425
15014,48.305
5266,51.13399999999999
9319,62.403055555555554
11523,67.43
1870,52.34875
877,57.42458333333334
9290,61.48166666666666
9338,51.55
3322,52.83416666666666
11325,35.085
11453,68.93311706349205
4879,48.415
1466,57.695
2169,47.94
2411,56.94
13336,59.2
3491,57.47
1179,68.95
8131,46.57166666666666
13268,38.25666666666667
11571,44.18
3722,44.685
12099,49.46
18560,60.66833333333333
16753,41.365
11819,70.395
6551,57.195
16061,48.77333333333333
12445,43.49130952380952
8649,53.435357142857136
9771,24.80666666666667
12290,48.04
16294,14.845
17029,81.685
4292,40.72
16399,48.525
2296,65.22833333333334
10150,53.16797619047618
15707,43.195
2833,44.7402380952381
15787,49.77
9175,52.955
9083,39.505
16813,50.64333333333334
1702,51.115
15129,45.01291666666667
7313,52.05666666666666
15922,64.625
3511,73.75
10334,52.305
17671,79.4
12902,45.95
16661,61.07
17793,91.05883207070714
14290,76.51
15438,86.14
10785,45.815
18074,43.005
16462,65.0225
4621,53.614285714285714
17452,85.3
17231,53.970333333333336
12657,49.845
1409,47.2
4583,51.01666666666666
9090,46.865
10736,45.78
17180,59.32583333333333
14242,49.85033333333333
13899,45.08
2773,46.25
7738,55.295
9147,56.4725
17863,51.31666666666666
18373,37.29875
15293,43.5
7020,47.28875
10264,98.0
16014,34.24166666666667
18090,53.525
3248,51.705
8595,51.96375
13850,40.89666666666667
6325,48.04833333333333
4573,49.05875
8164,49.44
6893,45.41
3086,47.93833333333334
6971,58.88833333333333
2306,49.894
371,67.96
9149,45.715
2022,43.815
2951,29.713333333333335
13185,48.165
844,34.571666666666665
16174,59.595
1309,45.17333333333334
18060,47.555
17587,76.47333333333337
5774,49.205
17835,56.13049999999999
10848,57.266000000000005
14613,49.562
13397,54.005
2351,51.19
12284,51.94833333333333
13705,93.53
9113,41.113
13041,31.334999999999994
17014,49.94166666666667
9798,43.33833333333333
7934,35.415
15338,43.255
13340,60.13
10159,51.9675
7118,52.755
18111,69.955
17080,53.28597222222223
2698,42.1525
12942,44.5325
13836,51.195
3122,57.575
16192,49.9
11724,66.05
11652,45.25
11336,53.327416666666664
16829,39.42
15424,47.38833333333333
12858,51.58683333333333
16400,50.056999999999995
6001,48.765
6933,47.885
1919,72.055
13858,85.42
2268,65.27
15531,50.4
13079,47.995
6538,81.17875
2470,55.4575
13112,90.0
4937,43.09
539,28.298333333333332
11989,54.32261904761904
8295,50.53
1898,72.6
14436,55.2925
15494,62.775
7146,76.035
3000,40.285
2577,47.60630952380952
9402,12.44
16963,48.2675
10549,50.905
6532,77.415
17550,37.375
7418,55.07899999999999
1262,55.449
7411,54.495
6601,36.86666666666667
2088,47.98125
9455,43.155
17390,74.81
12707,48.674499999999995
13329,63.315
3062,47.03
15761,52.32
12220,50.58
12630,43.94333333333333
5312,41.18
3518,48.7375
11901,46.29783333333333
15978,57.845
10162,75.12
10916,80.855
11629,47.975
16271,51.66833333333334
10316,26.84
16699,47.69
8697,74.49830584693085
1573,74.25
4359,63.600500000000004
4447,47.205
5216,42.525
4273,47.242380952380955
10341,48.9655
3708,48.04583333333335
7598,92.605
2284,53.77
12884,44.919333333333334
14402,56.014833333333335
16892,48.75466666666667
17819,91.885
12217,47.555
5253,55.6025
13052,49.5025
16394,45.08571428571428
12896,40.6125
2829,50.10666666666666
16037,55.79035714285715
16826,49.915
1113,45.0505
3319,40.07
14182,80.15494588744589
16736,42.8275
15035,44.26
6946,50.78166666666666
17263,63.878
5418,50.032
16769,60.475
5227,48.181999999999995
4962,51.77625
15008,47.1025
9887,52.045
1604,43.275
2847,43.325
4931,51.695
1535,50.325
146,59.60354761904763
12293,22.92
15409,40.7475
6641,46.83
11187,62.09
12567,43.571999999999996
3342,48.96166666666667
5968,51.17
16441,65.64625
18127,49.535
6423,63.2575
9813,45.67041666666666
7417,55.121
16343,55.495
13188,50.89833333333334
11964,66.855
5624,73.18
10562,45.535
1449,53.63
18542,48.37766666666667
7807,40.44
9065,90.0
6820,30.095
4929,77.755
7106,37.025
2845,55.52
9495,46.615
6486,56.37
8249,48.05166666666666
5287,45.96
4846,48.355
17681,46.685
6029,48.586000000000006
17491,51.6025
4419,42.79
8333,50.30833333333334
7552,45.995
12353,54.4425
7369,48.16279761904762
17121,58.96178571428572
9289,54.81333333333334
16333,51.6225
11275,37.45
5600,76.71
6333,45.575
10144,48.705
3800,55.48
12200,57.21416666666667
4699,58.63219047619048
5564,54.841428571428565
18701,49.06333333333333
5539,45.05666666666666
18670,56.25854166666666
6913,46.085
9069,46.26958333333333
1296,51.336523809523804
4264,46.85
310,46.32
1054,49.29833333333333
13700,46.79
15369,46.225
8962,44.61083333333334
3752,36.2175
13286,41.45
11864,70.79433333333333
15226,45.1375
12081,62.26125
6576,40.95
8879,55.08375
4564,50.67
18113,59.9425
9254,46.48
9608,60.855
17574,66.08666666666666
15196,43.7525
16178,47.685
3275,50.82666666666666
5398,48.36416666666666
4119,60.6175
17418,91.0
10073,42.86625
16554,46.68
2034,42.175
701,49.54
3627,51.055
16140,56.596666666666664
17880,57.615
9797,50.095
16331,50.02645670995671
4051,59.96416666666667
5049,41.64
2928,49.44083333333334
8688,7.825
18758,49.845
3050,47.03666666666666
1715,54.34625000000001
4598,50.925
650,49.698
16422,50.953
14715,49.675
17744,56.5
8971,46.225
11017,43.0875
7390,53.59166666666667
7542,65.775
7142,84.575
3988,49.6325
849,48.778333333333336
2627,45.50166666666667
5998,46.88
12606,57.41
6748,43.151666666666664
1537,50.68
16713,41.35
12472,58.497
17280,41.24
14643,55.36618181818182
2985,50.46
773,61.96
12764,55.622
16248,51.01
18009,75.34
10204,38.266666666666666
5499,48.165
4716,47.9275
4706,36.205
6202,50.1925
12213,50.06083333333334
1246,80.325
13772,60.8825
14134,55.93041666666667
2872,44.01
1892,49.475
4759,65.043
4308,91.185
1600,50.84928571428571
2189,53.145
18267,49.43
12524,52.56166666666666
10513,44.76166666666666
17426,81.47
7605,89.705
16263,47.54071428571429
13683,85.3
3951,50.495
13278,48.526428571428575
18080,46.23
18349,62.03041666666667
8357,73.55
10398,45.92
17487,23.415
3386,92.605
8678,45.675
11022,44.71
17235,84.0
4380,50.465
12665,98.0
18167,73.34585119047617
12664,59.40992857142857
15225,59.87
4868,45.85
1782,47.324464285714285
9579,56.905
320,37.47
5124,51.515
18526,51.755
8538,65.34166666666665
17529,49.56
6004,41.1
12772,49.19875
11078,91.0
17596,44.787
7617,53.89142857142857
15877,48.205
18736,65.22666666666666
16742,38.51
5448,50.095
18338,77.465
784,73.395
4458,47.125
3779,61.105
8221,42.815
2341,51.40833333333334
16775,76.405
16386,42.67
882,51.06370833333333
10945,46.12
18434,46.81666666666667
8617,64.87
8878,51.32083333333334
10662,57.83333333333334
16996,51.97
533,53.73125
15805,84.96020634920635
5463,48.64
10230,40.855
6686,52.98666666666666
9180,53.74100000000001
3396,59.23
9679,55.62000000000001
7079,46.205
9056,52.81
14983,43.34583333333334
3453,79.21
3613,51.56
14502,43.325
440,49.42928571428572
709,60.19
7341,46.775
3522,47.36333333333333
16581,43.345
14418,59.2125
15933,71.90666666666667
11768,50.478690476190486
16449,52.905
15317,43.01125
9268,50.775
7750,57.145
1962,57.46902272727273
6041,56.67333333333333
11013,50.659166666666664
7254,48.18681818181818
772,62.23
12195,48.78666666666666
13085,53.645
13,78.17
8751,64.6775
11199,46.45
280,49.39
12723,58.33
12641,46.53166666666666
12803,58.534375
11810,38.555
7623,57.7
6314,64.48
353,81.85
9760,49.655
586,59.18
3748,50.75166666666667
6987,70.361
3253,60.825
7883,49.4775
4223,49.45833333333333
15728,35.77
616,50.01
494,48.6765
18193,43.86166666666666
2403,46.52
179,69.082
5939,53.325
1395,57.89166666666666
16249,49.93899999999999
12605,77.89
16001,56.72
2287,51.410583333333335
4255,49.435
8233,63.505
16244,67.59572222222222
16340,58.26
13330,57.125
717,50.891999999999996
9234,49.99
6475,78.825
4644,70.62071428571429
13794,50.035875
6867,54.345
11117,42.465
6858,49.84166666666667
11484,56.29666666666667
18568,48.993750000000006
15146,55.62333333333333
1180,47.415
3858,43.19166666666667
9935,55.32125
4048,52.64708333333333
9159,62.57
13022,53.1975
1063,53.574
1655,44.19
2212,65.6275
10106,44.21
9446,49.925
18775,66.008
14453,83.4825
17275,72.49
16279,54.14
6145,44.133
7048,52.235
17397,85.87
12271,55.34958333333333
6928,55.53375
3188,72.62
11494,41.3825
5426,42.445
6711,64.60374999999999
16198,49.43833333333334
13036,53.88816666666666
5763,49.065
16436,76.5675
15230,49.052
216,42.51833333333334
17583,45.03
7591,95.0
13216,40.125
16040,39.93
4451,43.79
7482,47.31833333333334
9123,41.222
7997,60.63
1060,64.73
12148,43.17
1430,55.03142857142857
15341,51.19025
8482,68.69
16087,49.25833333333333
4289,50.91333333333334
13414,55.497142857142855
12945,50.26
18011,42.1225
17428,91.0
6789,46.73
9169,49.0625
6985,44.88
11401,50.34166666666666
1581,70.94
18097,46.4225
8248,37.98666666666667
2552,49.09375
4479,46.4575
7100,38.99
11605,20.015
9708,44.835
10603,52.88428571428572
13490,44.67
5047,42.8325
7497,67.623
6881,48.933055555555555
16615,45.90958333333334
13992,31.7825
9663,48.795
3170,63.9125
15795,64.345
13331,59.16
11706,88.995
10507,53.823125
7058,51.97964285714286
6387,49.80833333333333
6014,62.665
12377,75.14
18789,45.06
5815,45.25083333333334
17074,82.73
15935,52.34875
15143,81.315
14169,54.79625
17894,67.81
15961,67.89
11584,46.6825
12741,56.496916666666664
5708,51.14834523809523
13034,51.085
12179,55.7205
18372,55.867250000000006
3258,50.28
10609,82.675
18133,51.75916666666667
18748,53.08166666666666
13732,71.085
8961,50.41033333333333
1767,48.92666666666667
13016,51.385
10905,52.58
8692,59.39375
7488,78.0
2590,49.665
1319,44.635
13935,53.485
11937,49.805
15418,49.4075
3781,50.915
12919,47.43
1527,45.345
15173,51.775
11625,43.49
8973,46.68916666666666
6385,49.585
8157,66.385
6336,49.856
14552,46.592857142857135
14873,51.07
12923,47.415
1745,42.25
5234,50.92285714285714
1989,44.2675
12660,48.607857142857135
8729,66.69875
18126,45.195
5505,47.875
14829,52.952
15405,47.12
12753,58.00083333333334
10406,47.12416666666667
1768,41.98096428571429
199,50.98833333333334
11286,43.67809523809523
15798,72.805
12032,23.07
3203,45.97666666666666
14717,53.05875
16316,46.77
11000,53.781499999999994
346,43.0825
1222,89.0
238,43.7
1701,50.160833333333336
1313,57.2525
8239,57.44
9099,43.43291666666667
8655,53.09
16210,44.601000000000006
17389,55.035
2803,44.85
5917,54.76
14441,47.63583333333334
7766,53.77
6494,67.365
17427,76.62090483046367
2044,64.585
15848,74.78
15477,43.86416666666667
2968,55.325
6592,39.7015
8922,4.855833333333333
2603,46.605
10752,45.425
10528,52.853500000000004
4427,50.2625
5821,48.71625
8030,48.28875
10295,52.265
17977,45.845
6440,48.538000000000004
16008,45.865
7990,52.42
2638,45.1575
15292,55.56333333333333
386,58.41333333333333
17003,51.77
15265,47.075
18369,35.085
15610,56.51666666666667
13265,37.9
13529,61.0035
8743,92.0
15067,44.68
7374,52.05
14887,46.723392857142855
4535,48.62875
17967,50.025
13322,54.915
16199,45.425625
17504,39.9525
2216,42.8775
798,71.075
11116,49.01
5010,46.07
8515,41.04
2790,28.485
7887,53.555
738,45.484833333333334
13005,43.85
9675,49.19166666666667
10894,46.14
5249,36.605
14011,60.175
14737,44.185
12536,52.9435
5926,47.05
9500,42.841499999999996
6127,36.44
16937,51.17
12843,61.275
6651,54.39628571428571
16994,51.2
7321,56.16458333333334
12147,47.6175
4807,50.885
12475,49.75566666666666
12008,57.558
6419,39.32
5018,43.22
11518,62.165
13159,74.955
16977,47.365
18137,49.87166666666666
8723,4.505
3619,45.4225
5265,45.715
15192,48.854464285714286
9939,45.74
9318,48.74333333333334
18496,64.715
7920,39.65333333333333
12903,48.2725
16323,83.845
18034,50.162
9091,47.059333333333335
9002,61.878
3305,45.83
2033,48.245
11395,57.595
17756,57.80833333333334
10268,52.66291666666667
18001,36.025
8623,68.65716666666667
17956,52.81
18122,62.87142857142857
17486,51.665
12818,57.60394230769231
7788,67.20833333333333
13569,61.01666666666667
12468,70.29
2241,44.2655
4816,53.095
18597,49.305
14918,42.76
2427,62.601000000000006
3087,50.355
1618,45.68166666666666
11641,64.885
4168,54.735
8199,57.635
11845,56.27058928571429
16841,41.558
15541,51.245
12123,47.5275
5067,37.57
11151,45.92
12906,48.545
13724,76.39375
2677,77.085
1314,50.805
14326,54.900625
2450,59.928000000000004
16751,35.93
3960,50.51666666666666
5524,56.11533333333332
18779,51.22166666666667
862,51.995
5784,46.506047619047614
9660,51.34574999999999
1325,41.85549999999999
7602,91.87
4687,37.46
10068,48.83
13004,50.135
2818,35.96
8406,53.7725
13094,52.65133333333334
8039,49.92
3404,53.3225
6348,50.6175
8594,73.09
13062,48.975
13919,56.31833333333334
9829,58.751916666666666
13711,76.62090483046367
2484,52.49166666666666
4276,54.89966666666667
9514,66.34
13866,52.20166666666667
9572,53.08166666666666
11439,49.61125
1074,53.335
10720,42.89333333333333
1232,70.02125
7424,28.4725
13989,57.44
3580,44.495
6203,49.295357142857135
10829,45.77
14731,53.32
11390,47.11083333333333
12194,58.62
16698,39.03
14505,40.775
673,39.04
10929,52.3375
14414,58.11666666666667
3961,50.422250000000005
12991,40.41571428571429
5013,33.365
8208,54.71
14116,52.98
5590,89.71
11039,97.0
14138,44.519
5944,50.31
3064,47.555
1512,53.55785714285714
4641,61.4675
7516,63.12666666666666
3906,40.81
12970,58.88833333333333
17637,90.0
3982,62.099
275,51.42958333333334
4848,47.075
5572,50.8425
1329,47.13
12691,61.035
15550,81.93
13660,61.47166666666667
14776,50.36
7150,89.71
14115,43.965
17446,52.90675
15077,58.742250000000006
2788,60.53
4760,59.55
7557,54.185
16590,57.67
16225,44.5115
413,49.42
15853,72.0975
2464,49.305
1840,53.58
2248,52.105
11019,47.255
12842,50.125
9171,47.423
519,49.0
4254,55.63267857142857
18831,52.415
1957,69.39
2743,38.685
6795,46.73
18220,48.68
11574,46.975
15430,52.685
10903,43.165
9904,47.92666666666666
4805,48.325
1980,37.41
17048,52.1275
133,73.74
6998,61.18541666666667
8095,58.49541666666667
16547,48.213249999999995
11576,63.59
13859,73.79
6849,53.0
2035,43.055
11620,61.425
10793,36.98
11444,51.04
3279,49.02416666666666
7049,50.26666666666666
8512,50.816833333333335
4184,62.769875
10979,48.955
8813,60.455
9808,59.758500000000005
18077,37.175
15442,55.894464285714285
857,52.955
16550,47.86
8365,71.195
14748,49.41166666666667
15389,43.605
16401,54.525
11756,95.0
339,50.11666666666666
12895,44.515
11371,63.006928571428574
3063,49.93020833333334
3297,50.9
2816,38.13125
3563,57.025
7282,53.995
13435,85.3
12853,54.13
16777,51.235
17380,50.86333333333333
8231,73.375
7499,72.62
9591,53.06333333333333
8721,58.86
5676,38.44833333333334
1252,23.665
9796,56.51125
629,47.825
2572,43.3175
843,67.12
1960,45.79875
10438,51.979666666666674
6582,43.73125
3011,50.82
7585,55.035
16017,46.479666666666674
7445,0.95
10229,48.955
14282,54.0
11208,46.735
14302,91.0
4058,57.893249999999995
2244,36.085
6345,65.9225
5126,41.09966666666667
9355,55.49845238095238
16501,67.655
15444,57.597
1878,77.9
1594,65.41
6085,49.07
11675,76.39375
16227,48.135
13197,50.375
7442,50.55
15901,72.825
18585,46.778333333333336
17766,73.185
9885,60.1755
9139,61.1275
13454,48.24833333333334
11710,98.0
17695,51.56666666666667
886,45.59
911,49.86166666666666
8211,51.28
5749,45.79875
9532,49.8775
3317,49.57
13320,51.2
3841,49.705
7137,51.3
11687,44.67875
610,63.2125
12137,45.614285714285714
11776,92.0
3965,47.2275
4506,56.86
10225,42.78166666666666
7718,45.66
3358,55.80833333333333
942,64.63
3839,48.13
18555,51.03666666666667
16485,93.0
8551,50.72166666666667
1257,51.58083333333334
13930,43.86166666666666
12462,49.76
2864,44.31
6090,49.66519230769231
13440,50.11875
5285,48.537
9054,58.406666666666666
17399,94.0
9232,49.3975
18664,55.838249999999995
12776,55.40875
10442,60.205
11491,57.345
1712,56.13
14364,48.28583333333333
15088,53.92854166666667
11564,44.625
692,58.815
8401,79.27917637917638
7949,43.2625
6012,62.835
14906,60.745
9773,56.65
17854,66.17386904761905
10207,43.285
13281,49.985
14396,48.87166666666666
5028,43.98
14821,50.615
15538,63.225
13527,50.038500000000006
16633,44.75
11184,45.31
5273,48.075
2108,38.85375
4705,36.83
3898,40.355
11741,81.47
12806,47.365
16958,45.235
7184,74.78
7711,50.22
8308,65.195
9661,60.5075
5406,49.265
8100,66.025
10279,76.785
6214,51.05291666666666
23,59.205
8963,46.028333333333336
4132,55.995
11617,53.515
15592,48.676
9235,46.51166666666666
8352,67.59572222222222
3802,44.015
7673,67.7875
18130,46.343500000000006
12724,45.27
18008,67.9075
5102,46.68
14194,63.92
8896,40.615
17199,51.23333333333333
7231,45.03
9022,51.71
16391,52.655
6618,42.825
10612,52.84533333333333
3980,52.745
13917,98.0
17734,44.68666666666666
10582,45.505
1103,41.205
13673,55.035
15681,50.4975
4767,48.756125000000004
997,66.85
12047,51.21966666666667
12554,59.14
16068,46.938
18313,82.675
6666,53.7075
3377,45.72
10955,65.36
5928,48.245
13708,66.0
1461,62.11
15465,52.135
5836,48.2
2063,46.98166666666666
3504,53.17833333333333
14129,52.0475
15357,48.0525
13601,52.30666666666667
14005,51.9525
8044,49.769
5348,55.265
13744,51.68333333333333
17886,52.855
9860,58.327111111111115
6818,52.1375
16536,62.7495
17861,57.85333333333333
18794,54.81333333333333
17490,66.0
15904,46.34
14647,49.13949999999999
2995,42.85883333333333
8166,67.85
15484,94.0
13583,60.18900000000001
7130,55.755
2286,47.91583333333334
13477,50.409166666666664
16080,50.365
18179,77.89
9896,45.7325
5092,43.11
7156,87.0
10317,53.024499999999996
11637,60.927625
16971,58.365
8347,47.526666666666664
1820,49.80333333333334
811,58.5925
10538,46.6
14346,47.08
15595,49.9775
994,64.63
6765,46.82666666666667
6315,39.93
1055,47.11
3483,51.4025
8108,48.7975
12578,47.36166666666667
5040,43.6075
12752,67.21583333333334
11097,45.09
8909,76.51
14124,42.0735
14091,48.664833333333334
16238,25.105
9172,53.5
1288,58.64
8570,65.09
16053,58.305
4817,40.295
11344,75.67118253968255
5835,42.56
15986,60.715
4963,55.555
17672,47.205
15896,77.755
13108,58.415083333333335
7844,59.55333333333333
5294,43.86
1277,52.21
3494,43.0675
17464,55.080714285714286
6632,39.8465
16896,48.665
609,51.4275
529,50.745
11296,42.34916666666666
12453,45.435
16530,72.09
16036,47.87916666666666
18352,53.13083333333333
10707,49.91
2340,52.775
12592,54.80776785714286
7152,52.7675
4746,73.75351229326233
5428,44.1525
4580,54.707333333333324
7141,48.1775
8114,53.44
8543,73.935
473,45.827
11003,55.76
11392,55.3175
10593,70.744
3862,40.428333333333335
2250,45.927
11714,93.885
4072,51.092
13059,48.59625
14052,53.3525
11519,49.885
16745,48.055
10498,58.39
7032,51.27611111111111
6514,53.05
12360,52.065
1270,46.32666666666666
12059,52.82526785714286
3388,96.0
12212,55.42933333333333
17653,67.45333333333333
18103,75.08
3602,43.37
11165,47.56
16162,58.56100000000001
7546,46.13
16702,42.89708333333333
16430,53.16033333333333
8791,77.305
8170,45.24666666666667
12636,49.06125
3724,57.99666666666666
2768,45.405
12091,49.91416666666667
6340,51.95666666666667
2056,51.81
5222,46.01
9371,47.59833333333333
4460,40.12833333333333
12749,65.69
17223,59.03857142857143
3070,55.850500000000004
15749,69.81
7629,90.0
17579,75.27000000000001
439,50.81107142857143
9586,53.178999999999995
5890,56.14875
16819,48.47666666666667
2710,48.485
7690,95.0
11591,37.215
18163,66.11785714285713
11010,52.53
14646,68.45
2728,46.812666666666665
14241,48.055
11111,45.39
15433,51.82185714285714
2772,45.785
3772,58.04933333333334
17980,6.81
11385,50.90541666666666
5716,52.745
4148,40.395
4955,56.60666666666667
13795,55.625
444,39.5275
4630,63.99625
12538,50.93200000000001
10990,46.45166666666666
10742,45.06428571428572
7169,56.20966666666667
3578,67.49
1415,49.94916666666666
8418,60.78
8875,50.16875
15391,48.63
9095,52.02
16820,69.215
5360,53.665
11422,52.335
4416,44.78
67,83.52
3500,63.22
572,49.25916666666667
5723,48.596111111111114
8463,50.29
1298,45.62
11045,46.804285714285705
324,40.42
10020,51.255
12432,56.67857142857143
18593,48.495
1230,97.0
10011,54.526666666666664
3055,48.621
11483,61.491499999999995
13432,52.58
7580,89.7317976190476
3904,40.64
9430,48.36
14593,51.385
16287,90.0
5987,42.045
6154,60.695
627,63.068999999999996
6393,45.9
3408,69.055
12192,46.83
6122,41.17
2868,40.03
9879,54.7295
17037,67.375
18361,75.555
5570,42.57
11445,50.86333333333333
7996,51.92
16658,60.635
14300,90.0
542,59.76380952380952
840,65.22833333333334
6591,37.9275
5934,48.065
2266,53.37
13415,51.723333333333336
15105,88.995
2208,44.09666666666667
1102,37.25
16797,81.385
12477,66.87
17709,47.535
14193,51.4175
7347,62.135
8700,54.660833333333336
5129,41.51
2487,62.6325
4062,62.45
10517,48.4775
16589,46.24333333333334
110,51.86
5804,48.7225
8148,60.945
1501,62.595
12082,40.14
16022,53.86166666666666
7936,38.83233333333334
12990,57.56291666666666
13678,80.15494588744589
4702,54.05
8089,42.975
16955,52.085
38,61.975
18199,44.48
13906,52.549
10467,50.58375
18442,51.01
11764,52.30666666666667
3795,46.415
17952,50.778999999999996
14528,55.76125
5943,44.585
14289,60.7825
15849,79.36093073593075
240,54.915
17945,55.695
1723,39.37
1894,66.71
6182,43.73916666666667
10825,45.83
17099,61.855
13009,53.98775
3028,43.615
16387,56.62375
12344,46.965
4260,47.40990079365079
7878,51.10579545454546
14663,58.11666666666667
3202,58.865
18175,56.59291666666666
16545,82.64333333333332
16423,42.8625
3352,50.06333333333334
15925,66.33
11650,51.208888888888886
6600,44.33975
12009,48.955
5271,46.16
2428,58.885
10966,43.0
14257,55.93535714285715
7159,68.29125
13596,94.0
6147,41.28875
1137,58.445
13677,78.195
1922,55.47125
3429,44.975
8072,72.605
9969,53.395
10180,54.91517857142857
12930,53.365
8222,56.6
6827,63.298
18069,44.815
14648,46.605
15074,45.685625
17962,55.335
13402,27.28
17050,62.14666666666666
16299,72.66
17358,44.60375
12560,64.335
7672,53.556845238095235
15326,45.3525
400,51.86666666666667
5805,44.815
15742,55.17666666666666
2844,70.885
15762,80.545
17185,56.84166666666667
1259,66.96
4483,44.815
14037,46.86
3390,27.338333333333335
10710,45.49
17701,53.18
4722,51.10333333333333
12728,50.03
8034,44.865
16326,55.4725
17102,52.61666666666666
7276,55.855
1333,51.187386363636364
2064,55.415
17606,7.825
14824,49.17375
4198,58.225
3477,47.7
15546,59.910999999999994
11524,63.62
17118,59.523
13459,48.225
18217,56.44
14967,47.2975
7877,50.82833333333333
15722,23.251111111111115
6637,41.7725
18262,57.07075
1475,52.175
7588,75.27000000000001
2666,41.085
2895,53.795
11307,43.81
7247,56.39833333333334
16985,81.21
4349,73.18
4094,57.531857142857135
16967,73.43642857142856
6863,44.12958333333333
8789,69.84
17697,49.22685714285714
9155,55.37833333333333
3357,48.335
9304,53.21666666666666
1231,76.175
7594,90.0
17976,46.06
7151,60.73083333333333
9088,48.5225
9255,49.19766666666666
4342,78.41
6719,56.72957142857143
9790,45.785
1776,43.308
2078,57.45
5473,57.055
9118,46.205
16676,53.8395
12133,49.06
4325,89.385
6767,52.91208333333334
13595,55.035
7610,81.685
7312,51.58166666666666
16297,66.895
3469,56.32
18554,47.61549999999999
8478,49.545
5803,51.875
8464,48.173500000000004
8881,91.87
9467,43.12
5909,74.78
17509,44.4105
18084,73.09
987,50.405
10173,55.89119047619047
4203,47.9675
11289,39.287
15445,62.72517857142857
17543,40.46375
5035,38.845
372,41.875
10257,51.09416666666666
16450,46.55
11433,48.955
15581,61.70586538461539
4560,59.75388888888889
5605,95.0
3691,81.655
10759,47.44
10594,56.25854166666666
13881,58.00142857142857
7998,58.2675
1013,40.955
8873,66.51
5340,43.675
10564,57.2
17592,89.0
6937,60.275
7443,90.0
6418,50.665
4820,49.63
8950,41.76649999999999
6886,27.205
13087,31.49
18673,59.34
8979,46.84714285714286
7764,63.878
13140,55.625
17972,49.94
11440,58.123452380952386
12025,53.05
13024,39.785
11891,77.66
5684,50.269749999999995
571,49.725
10322,66.475
14926,47.1225
13064,55.00066666666666
13514,52.45
1762,44.787
13537,84.904
13337,49.8
11946,59.8925
13319,58.62
9727,51.605
12435,91.05883207070714
12362,58.105
11215,44.765
18430,43.955
14707,45.306000000000004
8746,89.0
18708,60.185
7004,52.17833333333333
10007,46.95
12506,65.385
794,54.235
5350,53.13166666666667
12413,98.0
13484,55.26791666666667
2165,48.84466666666667
2095,42.08
11726,79.27917637917638
16564,46.675
646,54.385
13857,67.06
4581,53.32148484848485
16065,50.479
15167,44.97366666666667
1041,79.82
14744,42.7
8258,69.53741071428571
18644,80.865
5591,81.0
3502,52.17333333333334
9311,47.61333333333333
8289,56.395
11114,49.935
11237,42.806000000000004
6580,39.0925
7861,54.305
5534,53.77416666666667
562,47.7525
13096,57.5
18337,50.4525
3989,40.165
9826,45.98
15810,91.015
6682,53.74814285714286
9353,44.14279761904763
18255,49.14166666666666
9377,45.01833333333333
10536,46.9175
6124,38.17
4228,43.51
14377,48.1
10664,57.653666666666666
7202,43.36166666666667
16236,47.22833333333333
10053,53.43
6428,30.475
4230,40.17
9856,51.21125
14893,49.26666666666667
2701,37.75
2890,45.80833333333334
14760,50.23333333333333
9335,50.175
9076,45.65571428571428
9622,58.045
10708,45.615
8074,65.34166666666665
16767,47.665333333333336
17575,47.801944444444445
4723,53.855428571428575
16062,50.235
19,68.8025
16879,46.54166666666666
8346,60.67
9707,56.67816666666667
5972,50.06875
12530,53.45
6454,51.20500000000001
10208,46.592857142857135
1,53.89
527,53.0204393939394
7911,39.855
15652,44.81916666666667
4433,43.55
13051,54.81
9583,65.195
10470,60.46725000000001
2159,46.48
5742,38.736999999999995
12441,94.0
7508,54.900625
16175,52.528666666666666
120,72.6
2656,43.525
8327,69.075
9145,60.765
4661,61.485
13728,59.93333333333334
17938,77.89
13049,28.5675
17986,38.815
1935,64.0838888888889
17859,50.715
5276,48.3175
16667,46.610749999999996
12988,53.845
2310,51.7
7397,69.96831168831169
4973,46.29
14258,45.1835
16546,48.71
6790,52.47416666666667
8642,60.27333333333333
16666,43.21
10819,41.675
13081,48.915
15092,56.055
5095,39.6725
11533,55.86
10596,56.70392857142857
14204,50.283833333333334
11763,53.415
2678,48.75
5893,63.735
12589,56.43875
17123,92.0
2305,47.255
11686,47.32458333333334
17267,50.72
14877,64.86785714285713
9465,46.41958333333333
8757,76.72285714285714
3406,43.5125
8993,44.513000000000005
15415,43.83875
12876,33.23783333333332
11278,36.22
6305,61.33
15270,51.24
177,41.265
8310,45.59
6595,44.50583333333333
1684,56.725
11774,96.0
7808,48.97
14036,45.568999999999996
13314,55.865
10678,71.46483333333333
5408,49.0925
7675,51.163999999999994
9148,51.95583333333333
553,56.276666666666664
7720,45.29166666666667
15495,81.47
2170,48.815
15002,47.4
11391,49.995
14164,41.32875
7436,56.0
9229,49.45208333333333
15645,66.01167857142856
11198,55.55280303030303
15220,46.845
18244,53.5075
14633,53.86
14426,49.76
13120,47.77
5263,44.06
9978,60.86620833333333
17903,71.558
2697,37.855
5042,39.4
14510,43.718333333333334
9646,62.18880952380953
9846,54.502166666666675
5380,44.3975
12527,59.18666666666667
11293,38.071
7577,97.0
15573,51.695
12233,53.6675
17533,40.178888888888885
11221,45.44
13292,40.8
1968,46.425
10997,48.435
10520,41.95
6657,61.17175
6496,72.91
425,51.33
6449,38.955
4215,49.625
5705,47.65
8779,58.13928571428571
688,57.7425
11100,44.815
13568,51.21966666666667
7692,51.66033333333334
10234,44.95
18722,50.3525
16647,49.22
14145,44.71925
4554,48.1325
2879,46.35916666666666
7372,56.70533333333333
4099,63.65666666666666
3611,50.58333333333334
9011,89.38
16619,49.765
6635,37.96775
17604,44.20916666666666
8693,81.685
14849,56.39583333333333
3804,52.185
17188,70.785
14465,85.355
1901,52.07642857142857
2194,52.3375
4977,44.45
12173,58.615
16838,54.9175
9921,49.045
14990,53.9
12785,64.3355
15190,42.6175
9037,88.86
9859,57.505
9299,50.80166666666666
7389,57.48428571428572
14472,84.835
13662,61.350347222222226
18282,51.285
6246,58.5
13043,47.82416666666666
12695,48.39666666666667
4655,61.87603571428572
15426,91.0
17808,86.25
9293,55.79583333333334
6704,49.3425
16023,55.97
2410,50.68
9348,49.8775
5816,48.31166666666667
15715,45.24316666666666
16828,52.1675
7056,49.38
2204,62.785
15670,57.005
13955,52.69
10760,40.15
18051,41.037857142857135
158,64.0838888888889
16309,61.255
18718,52.43333333333334
16426,52.71
2349,48.16
8053,72.07666666666667
805,48.68583333333333
17260,73.79
2076,72.12666666666667
17076,63.955
317,69.615
10078,45.292
7693,67.20166666666667
18527,57.201499999999996
14100,29.7475
8753,67.435
16997,49.7225
6092,66.975
5447,46.68
14192,47.568999999999996
15930,64.425
3481,49.989126984126976
15315,45.48
3400,40.221
12230,51.0275
4105,58.11125
11225,49.46
10644,67.99583333333334
13533,51.46708333333334
14439,50.985
9243,43.51125
13830,43.02
9352,57.442142857142855
18213,47.09916666666666
8752,78.0
3687,76.85
17790,97.0
16701,44.73
11067,80.355
15459,55.123999999999995
7349,53.11833333333334
17341,73.28
16810,64.52055555555556
109,61.905
17664,52.35666666666666
12151,44.62166666666667
14628,64.105
18283,64.95116666666667
10767,43.94333333333334
16553,50.475
2536,42.73685714285714
4485,51.225
6429,50.76583333333334
15177,59.26041666666666
15725,54.62604761904761
7942,39.915
16013,44.56
5071,43.6675
17251,66.495
113,49.705
6384,69.0
13633,71.51
7140,48.5575
1908,65.905
10803,40.565
4964,55.295
3682,57.958999999999996
15627,54.6825
5387,51.005
9940,44.27916666666666
6548,58.465
3823,47.34
15082,44.67833333333334
3332,52.835
9,77.075
15666,51.84
3659,55.7625
5008,40.85
1485,49.335
14122,46.51925
14406,48.66944047619049
16,56.26
16253,60.70083333333333
1704,49.39
13480,50.446333333333335
13915,97.0
14176,99.8625
1458,47.615
16821,47.113
2453,51.67416666666667
4981,41.485
4549,67.036
11800,72.66
924,55.265
16926,44.19833333333333
16690,43.915
7730,55.37966666666667
16548,67.5975
16737,42.885
1242,87.84
13620,67.5975
824,50.65708333333334
8796,65.20633333333335
5587,77.925
15422,53.565
14738,44.848333333333336
3891,40.11
1033,49.98333333333333
9344,50.34066666666668
14189,65.425
14511,46.49833333333333
6482,54.9
2532,46.08666666666666
9488,48.2525
5988,44.1325
8872,49.65
2426,50.21
17626,49.95833333333333
14701,58.18466666666668
4823,46.87583333333333
7145,52.30666666666667
12480,57.52727272727273
5522,42.85625
8173,57.998000000000005
12577,60.88892857142857
5060,43.1675
430,49.80833333333334
12744,70.79433333333333
10439,57.915
15827,71.675
1928,51.53472222222223
13383,54.88
12020,6.21
12941,50.02
71,78.01
17538,39.615
4543,45.595
12905,38.226
5239,38.99
14217,62.84
2857,46.815
11725,89.7317976190476
16193,48.6
3526,43.975
11211,44.59
4065,79.21
2325,68.71
8589,53.65833333333334
1112,60.0925
5586,94.0
14506,42.5725
11251,47.01
1742,60.979
7752,55.6425
7759,44.28333333333334
6369,73.88
13169,47.01
16670,38.275
3134,56.8325
17056,68.60166666666666
7166,76.965
6197,41.7225
4798,49.45
14929,45.285714285714285
17192,57.43176623376624
18044,59.285
9531,44.94666666666666
438,47.42833333333333
13316,48.945
16491,98.0
14347,45.215
18302,45.8425
7584,94.51
4944,52.875
11614,47.455
1216,52.101000000000006
9658,51.02
12871,52.42
5810,42.845
10482,41.247083333333336
10861,44.81
5146,38.005
13975,24.588392857142857
10902,56.14583333333333
10318,51.88
13445,62.46166666666667
17374,48.166000000000004
7456,92.605
5056,44.84416666666666
11499,58.36600000000001
16107,51.87
14335,82.24157465451216
16757,47.98476190476191
12599,54.6525
13312,59.795
792,74.885
1554,54.842
4002,45.111000000000004
14622,75.12
5951,48.185
4351,36.39166666666667
14072,42.89
7511,60.80166666666666
11354,65.995
6705,52.90875
15807,49.03833333333334
6465,31.886999999999997
12635,55.0475
7164,76.62090483046367
18478,44.575
2180,52.73833333333334
7649,37.66
97,54.42
17833,86.345
13139,49.115
11168,36.85
9657,49.57958333333333
1797,41.718500000000006
1432,49.095
13136,51.4525
3778,52.89
13333,54.61
107,51.345
11667,47.26333333333334
10407,65.96345238095239
666,67.67
18401,45.935
12332,56.6
9333,47.51083333333333
974,56.735
6734,48.74
8820,70.175
16527,98.0
7170,45.05666666666666
13250,50.7925
10468,46.4225
18565,46.397
8082,63.9
8906,96.0
10608,46.2075
2831,36.985
2786,59.035
14585,45.76238095238095
5341,38.91875
2589,47.265
7162,38.265
9772,47.56
13671,87.0
13999,60.83
9225,47.545
4108,43.21333333333334
3773,47.74816666666668
2281,68.125
10870,48.95625
3935,40.2325
15738,57.55333333333333
2434,55.6695
13092,60.35641666666666
980,50.1575
15868,66.4625
5993,49.68285714285714
15693,48.50021428571429
8154,61.285
4665,51.45
12542,50.51
4796,45.67
1323,50.23
14143,58.065
3309,55.424
13920,55.247749999999996
10495,54.845238095238095
9527,43.38
3677,51.15226190476191
5683,46.42
14351,45.06
17045,45.17
16245,53.27616666666667
17728,48.22
16242,52.29333333333333
14155,44.91
14260,51.075
3138,49.71171428571428
16385,46.81
233,55.5425
17866,74.385
337,48.45666666666666
6919,64.285
6746,60.745
18260,57.04516666666667
16361,16.625
17266,46.4225
2913,41.68625
7872,53.5625
6557,57.45358225108225
8901,76.945
6222,89.0
7330,81.46
10006,54.905
11877,68.885
14546,47.925
13357,56.165
9173,65.47
561,41.181999999999995
6023,51.7
7000,58.730666666666664
5750,43.556000000000004
511,44.958
17178,68.45
18686,52.87916666666666
4129,64.25
1522,56.329523809523806
3667,49.205
17597,97.0
12986,49.31333333333334
15574,58.69833333333333
18756,46.905
1435,51.1675
15791,66.43
18553,54.135
16743,41.975
10764,42.35
2628,50.365
18296,60.031000000000006
12446,58.17732539682539
15989,53.40416666666666
4988,48.365
15327,41.93
5847,46.5
12618,45.1
1721,42.385
11448,45.79933333333334
2024,42.75
16256,51.89683333333333
17821,87.0
1530,56.73166666666666
9482,45.36166666666666
7930,41.125
7870,50.209250000000004
10486,37.54566666666667
6110,36.375
9176,62.39866666666667
16082,45.63
11229,49.075
14028,45.71
5687,48.04
10843,82.285
4199,59.33965367965367
17961,52.53125
16111,44.174499999999995
11201,47.615
2902,49.6075
13883,51.897
2737,48.72729166666666
17232,52.415
13607,61.495
18687,54.305
15435,34.01
1722,45.63666666666667
1793,45.122857142857136
5214,45.415
1156,41.01458333333334
11803,56.32333333333333
10805,44.8555
5015,43.54
12153,42.53
2654,47.0
4474,46.16083333333333
6979,54.5195
9166,49.045
15246,49.595
383,64.7475
1986,41.27
6596,38.9475
8840,50.83
14605,48.2225
14560,46.575
1653,50.69416666666666
7958,40.16833333333333
18355,46.4825
18594,46.00833333333334
11780,35.775
13191,55.21771428571428
7599,89.0
9592,65.28
11084,61.169333333333334
6453,49.20375
1362,57.545
2954,72.605
5609,73.75
13325,58.62
4095,54.16416666666667
6918,23.945
16224,43.45
7881,63.795
4646,54.07309523809524
14276,54.64
13654,65.71566666666668
5584,98.0
4100,48.45
14813,45.33
12899,52.68
10682,51.96
15423,94.0
14113,38.1775
6003,44.7975
2896,52.79
7865,51.525
14438,49.51
14388,42.565
7452,92.0
12568,90.11
13585,71.82625
5433,47.70166666666666
14544,58.622
6975,44.1725
17633,91.0
10605,56.20966666666667
6901,49.255
5990,49.56
2575,43.1125
14132,48.888000000000005
14344,54.2525
7756,59.73
6829,58.35
17752,52.766999999999996
12346,48.57
4444,46.38
4499,42.08
17343,50.49458333333333
14584,54.81
14755,50.455
17116,81.47
2653,37.4
15995,58.615
13180,48.42166666666666
8010,53.57899999999999
16825,36.78666666666666
17483,56.77
2440,72.08
4925,55.34916666666666
10704,56.08
17233,65.19666666666667
17254,74.385
13669,55.965
5083,44.475
15112,88.9
4537,57.06458333333334
16855,44.025
4555,52.77625
5150,39.41
16683,37.82
7375,48.6
17680,48.37107142857143
5880,32.391999999999996
13258,42.42
3650,50.59583333333333
11313,57.925
5512,52.46544444444444
8090,53.625
10459,46.635
6672,59.42916666666667
5776,50.205
605,58.59482142857143
3548,47.3425
10516,45.977
18531,62.84125
15349,45.945
6036,49.285
5084,47.475
5085,40.655
9429,45.53
5850,43.805
1407,47.895
11593,50.11
2606,59.3825
7001,55.97458333333333
15165,59.22416666666666
18813,50.685
6776,48.905
17623,74.49830584693085
4231,39.185
6359,42.566
10245,42.295
6099,41.59
5832,53.2
17832,54.874583333333334
14081,45.407666666666664
8705,91.185
17261,67.2375
5372,47.69
3040,54.23625
377,44.39
15956,63.09
16734,45.46
11561,40.46791666666667
13905,47.72214285714286
10541,41.8675
14223,52.049285714285716
13187,46.97
7765,49.62363095238096
15960,36.085
13176,41.3375
15153,49.410833333333336
14265,58.355
2053,66.73
2741,51.675
3121,57.175
14207,76.7
657,54.215
8976,43.678000000000004
15786,53.645
11089,42.19
16900,49.175
10881,52.373000000000005
2030,40.35
15469,51.23333333333333
8360,81.0
5718,51.47166666666667
2739,41.3075
2898,44.39166666666666
889,65.47
11719,65.385
10661,62.34125
13521,60.04471428571428
4071,55.68833333333334
17925,84.89271969696964
7155,27.56
9438,48.02916666666666
18797,55.555
12693,42.44
12940,74.28
7639,47.16875
17024,85.355
8637,96.0
15691,60.9
16669,55.57166666666667
13287,48.99
13937,49.335
5170,41.6375
13003,50.575
16154,91.0
4076,50.5225
16567,48.074
12673,44.64666666666666
5051,44.34
2365,68.26616666666666
8759,84.835
4262,52.0225
10796,50.2875
12767,49.245
60,94.0
8640,63.41875
9351,49.89
14691,54.504
10097,47.756
5465,52.535
14051,49.1525
18177,91.015
2731,45.1025
2302,74.3
12367,52.52
17862,70.36666666666667
14076,44.515
8583,66.46785714285714
15815,74.78
1145,55.37321428571428
17212,52.505
17070,59.74604166666666
252,45.34
12119,57.9
8648,57.727
17614,92.605
4653,75.53833333333333
15473,51.9525
1952,68.78166666666667
14766,45.845
7725,58.3625
7963,44.0525
12219,48.03
4303,96.0
10976,49.08416666666666
5461,48.74666666666666
17206,48.5
9008,66.0
11586,51.05
682,61.17
17795,84.904
6194,47.24
12429,52.99833333333334
12146,52.9705
15027,51.61517857142857
5020,38.555
14126,40.003
2285,59.385
7568,99.8625
2367,57.055
3229,51.87
17278,26.905
3463,72.785
6460,46.7685
1814,51.5525
11150,46.325
12370,52.53
14431,61.8175
1322,56.805
7346,55.43708333333334
6981,47.63
696,47.2975
9966,51.11
9444,74.955
13746,58.44083333333333
17064,67.096875
15278,46.58833333333333
9177,57.952
15718,75.08
9988,61.54183333333332
7365,67.51
1661,39.9775
14573,41.1
15751,52.22125
4806,46.32
4038,64.715
9432,47.3825
6485,70.64
7867,58.020333333333326
13463,56.5975
17561,54.04166666666667
14774,31.125
8560,54.01
6837,50.92916666666667
13489,49.12583333333333
8925,24.145
16724,48.558
14902,53.33333333333334
12279,56.986190476190465
7161,70.71
12513,54.163785714285716
8996,44.975
15885,76.76678571428572
13002,60.40880952380952
5754,42.014047619047616
10841,76.62090483046367
13754,55.67166666666667
11011,52.825
14547,59.2125
9878,52.68416666666667
3991,42.55
17792,56.19
16730,44.875
2700,47.415
6397,71.90666666666667
12461,58.835
6015,55.265
4328,96.0
11801,81.685
4910,44.43
13803,48.80875
17660,99.0
13971,59.8
7732,48.75833333333333
14845,42.253125
16727,45.087250000000004
15599,43.62
17420,87.0
9222,57.3975
13613,85.87
18709,49.831785714285715
3241,55.98
4734,54.385
2143,47.845
9517,25.22
18281,46.355
10982,44.825
6322,65.835
5693,43.97
8555,67.795
15218,53.549833333333325
14922,61.525
10292,75.555
7335,51.42166666666666
5220,40.155
239,48.166000000000004
9110,37.9125
3910,31.96
11239,44.715
17082,48.5975
13035,66.42
810,51.47388095238095
15236,47.73022222222222
5848,46.78
14991,52.5525
15657,57.1563888888889
16638,48.44866666666667
5791,45.50333333333333
3244,48.745
6188,47.976875
18755,55.065
2905,49.005
854,46.23875
14059,43.61
484,52.5475
17527,44.87
11501,49.7525
9240,40.919000000000004
4338,84.82
17351,42.51833333333334
13789,81.0
12643,52.025
13597,66.0
7383,71.74
9023,67.885
10734,46.435
13138,40.64
8320,47.12
9266,55.1
4445,45.18166666666666
13893,61.885
3514,65.835
15836,47.8025
3925,49.905
6540,95.0
6212,47.73833333333333
220,70.805
9257,44.575
8568,49.07
10771,42.4
2715,39.65
8970,49.8275
16105,47.93
16524,43.293166666666664
5111,36.57
3245,64.065
10210,44.5025
18630,47.4225
12656,51.53833333333334
15887,48.6325
8443,50.03625
17764,55.495
3058,44.119375
17187,57.74785714285715
7960,49.47666666666666
14071,47.53
12251,36.6
7005,50.07875
2490,70.485
5621,68.91333333333334
11203,48.5825
522,46.5835
8387,58.93281439393939
12715,51.60333333333334
18523,42.245
15016,43.27916666666667
6529,91.885
51,48.62983333333334
10630,84.14
18833,41.485
6240,90.0
10164,68.854375
17530,37.675
8821,58.615
3870,46.24
2815,44.358999999999995
12625,37.88
6043,50.88798484848484
749,55.035
7460,96.0
15551,75.25
611,52.04166666666666
16102,50.685
15977,64.95730952380953
379,48.515
7012,53.97
6768,45.80625
7931,36.25
10639,61.96
4102,52.08166666666667
16170,75.035
10613,76.035
12600,66.885
18309,53.68583333333334
8067,63.52083333333333
10619,50.21
1446,45.835
13301,59.125
10643,71.16
4822,46.315
6064,48.15333333333333
6539,74.758
18509,49.795
15796,54.125
15198,47.56
5955,44.745
15820,51.775
9571,51.605
5711,41.04333333333334
1555,70.71
14292,4.505
11432,49.955
555,60.56
7761,47.484750000000005
12351,54.11083333333333
8694,58.84650793650794
15549,77.49
53,28.949166666666667
3214,50.005
14513,53.58166666666666
4057,57.46875
12131,51.90452380952381
1625,45.470166666666664
2817,44.63666666666667
13712,57.25683333333333
11324,79.36093073593075
2792,60.65
17508,36.58166666666666
3620,42.58
9059,61.255
5022,41.83
1965,37.385
18066,39.235
4942,44.79
7493,80.04
5538,51.55666666666667
2124,42.69
16978,44.97125
8559,50.15625
7634,86.23666666666668
12770,59.95983333333334
365,51.7
18575,52.135
6313,27.17
455,61.16166666666667
11186,54.66833333333334
15363,48.45
8663,53.343999999999994
13923,71.195
9643,52.08
5779,45.52
5650,49.6625
16292,81.84
17573,57.68333333333334
16565,50.285
1539,57.048
5940,43.9
2354,68.835
5118,42.79
16330,42.085
9474,47.17
15544,68.37857142857143
3874,45.015
4341,51.845
5023,45.005
1311,48.98116666666667
7595,94.0
14895,95.0
4438,48.095
16801,70.715
17149,71.83845238095238
4834,53.582
2380,50.2505
4387,53.997
12773,61.878
10686,59.66916666666666
14166,41.79625
9765,56.28666666666666
246,49.78583333333333
15861,53.51583333333333
3283,52.11
16728,51.075
11855,66.77666666666667
1110,52.21
12531,51.462142857142865
16847,40.97916666666666
2059,58.82
14976,43.85
14371,47.35
9620,63.2575
3445,35.775
7207,51.905
4562,52.96
13864,56.74
14986,55.095
18341,52.9625
11544,54.276
16237,53.12166666666666
15874,55.55416666666666
15814,49.235
15141,45.50416666666666
10290,77.305
7226,50.59
1789,47.25
12393,77.49
7132,46.38575
3353,50.785
2251,52.26125
10411,56.919375
17724,55.1925
8989,46.9225
690,63.2125
3426,91.0
15390,47.195
13295,49.05
4415,37.16166666666666
9642,47.235
13045,48.0625
8851,77.185
14128,48.71208333333334
180,71.855
11492,55.848333333333336
11597,71.83845238095238
18546,61.905
17160,70.92
11156,48.43
6597,48.62
5842,47.215
5537,46.7225
12113,49.2925
12934,60.23125
9383,49.93916666666666
14489,72.785
16320,57.33666666666667
2519,51.79
16054,51.0125
14979,73.75351229326233
17865,60.7125
8960,57.25625
9843,47.115
4246,51.10150000000001
9971,54.75630952380952
5185,42.1775
6968,44.468999999999994
12184,47.305
18790,49.82
17631,85.87
16888,57.25833333333334
7535,72.02
7903,36.84
17035,47.845
2918,50.98
16116,54.725
8466,47.93916666666667
1651,47.95392857142857
7153,60.73
15905,64.76166666666667
16035,49.0926923076923
3211,61.66
1281,47.619678571428565
3530,58.61
7224,46.15285714285714
6346,47.095
2858,45.98
18501,76.85
436,39.94
10500,51.425
9706,45.6
7659,60.905
5822,42.2875
15721,48.57
18633,50.19083333333333
3739,55.752916666666664
12877,56.39583333333333
8101,66.885
6239,59.273650793650795
3155,80.355
18031,68.145
1877,61.9825
3196,61.99
3533,61.00916666666667
4696,68.09
13563,83.52
14529,51.365
6675,61.379444444444445
10645,44.865
1460,54.10416666666667
9162,68.27
4753,57.945
16731,45.04916666666667
4566,52.3
15911,61.22
2822,42.715
16532,55.035
14466,62.25
7406,55.6125
3994,48.39
7726,58.525
14952,46.213
17304,34.645
13410,60.645
16602,44.885
14987,44.85
12917,41.84
664,61.34375
342,53.73
7885,54.515
13552,52.99833333333334
11771,64.64291666666666
13020,41.9175
14815,57.28
641,54.91466666666666
16868,54.25999999999999
11177,45.0
5914,43.14
9067,48.9
14117,43.882000000000005
6794,47.6375
3151,95.0
17733,55.20241666666666
14421,46.51357142857143
1540,47.30583333333334
13412,50.123999999999995
17055,43.975
12721,52.025
6856,61.22625
12122,49.05041666666666
11149,49.457
15763,50.0835
5741,45.63
12640,62.67
8987,49.51166666666666
3079,38.25
5953,45.055
1544,49.55166666666667
5799,47.045
892,49.86
6777,48.6975
16152,74.49830584693085
1955,64.25
14096,49.015
506,48.45875
16157,52.63083333333334
16849,39.275
13421,46.15
6654,56.2
15929,71.74
5790,51.18
4985,41.75
1893,57.656000000000006
18404,61.87666666666667
1017,54.765
7212,52.275
660,50.43899999999999
17271,34.67
11683,44.955
3948,44.55833333333334
2373,64.72
15490,50.815
5442,52.845
3391,96.0
8670,49.74875
8584,48.9875
11060,54.714
11088,47.4925
2218,50.9325
15201,46.53033333333333
13965,41.78
2049,45.9
4117,62.58166666666666
10238,47.8675
2100,45.865
620,52.815
492,55.94666666666667
9307,50.4375
2567,43.4795
18139,56.24214285714285
7728,48.0590909090909
7576,97.0
2894,47.495
58,52.16680952380952
6025,50.78946428571428
18326,87.0
12742,68.60166666666666
12491,53.625
17142,59.49625
8975,54.80776785714286
9617,48.825
3936,50.86
12215,44.995
13243,46.01
5906,67.44333333333334
13219,41.38833333333333
12015,39.915
6056,47.96
7684,55.64333333333334
13485,64.41167857142857
7823,52.4025
3485,51.331
4122,61.0275
3187,57.2825
6372,62.099
4266,43.585
2712,44.8
17334,55.132777777777775
6112,38.51
1381,50.787
9783,53.725
2812,42.6725
18358,47.523999999999994
5130,45.23
12106,49.80166666666666
15161,80.68
8908,91.0
5143,38.484
8477,46.86
15802,68.29666666666667
11258,44.925
5159,53.30666666666666
1864,60.13
1401,48.9695
1178,58.905
7727,51.998000000000005
18588,49.40833333333334
4965,37.76
17742,44.90833333333334
12590,35.605
3042,47.85583333333334
9009,87.0
14329,80.325
1107,56.94
9452,37.8
6172,37.49416666666667
15061,50.01083333333333
16207,58.413000000000004
5344,44.545
15237,45.725
9417,42.253125
1994,61.765
12092,46.1325
9949,43.995
3444,49.982857142857135
7583,42.405085886335904
13610,89.0
8181,61.39916666666667
2191,60.945
4364,61.065238095238094
13172,52.34
15709,50.6575
9260,49.535
15344,41.645
3069,51.813
10244,44.66111111111111
10874,49.18666666666666
10757,36.16625
18589,55.525
5021,41.65
15532,73.6
17654,64.8
2594,50.45
1979,62.442
174,53.44
141,68.78166666666667
5962,55.285
7704,51.83233333333334
10889,87.0
5758,50.005
6889,44.51
4836,50.952
10351,53.32363095238095
10799,44.30666666666666
16363,55.115
11041,56.22642857142857
7569,81.13
2451,56.934
5429,42.825
11873,57.34
37,46.705
2510,65.65
9540,56.01
6279,46.12875
7194,51.71285714285714
5730,43.045
12907,45.407666666666664
226,59.425
210,26.273333333333333
14079,39.571
4183,59.31029411764706
7637,76.62090483046367
1865,65.709
3660,50.82000000000001
5571,39.603
1777,54.425
12819,51.45
910,48.67833333333333
7249,47.63666666666666
9928,49.53
9073,47.57071428571428
3945,50.1975
11707,89.705
17356,49.285
11299,41.37
624,51.505
17107,54.49083333333334
15095,73.2225
4596,60.8025
2837,58.905
10554,54.28212121212121
17072,53.66
1371,46.87
6680,52.8432380952381
15915,66.65
1583,69.24
1579,57.31833333333333
549,47.4375
10980,49.255
4221,52.08200000000001
9337,52.63375
2240,60.806000000000004
12822,58.53166666666666
2171,44.21
8983,52.37
7547,56.52666666666667
12586,48.755
4332,74.455
9367,52.86071428571429
2107,50.50958333333334
9049,92.0
12591,48.841499999999996
9270,40.74625
11555,82.0
4715,69.39
4721,51.35125
4682,58.838208333333334
1841,45.7925
2797,47.6325
16999,71.855
12411,63.185
6046,41.385
7570,66.0
257,61.135
584,50.688500000000005
3345,50.425
12080,50.54666666666666
3671,59.939625
4731,53.505
6602,38.215
2376,81.0
7035,52.26708333333334
5869,44.07266666666666
8354,69.335
1961,57.44
16300,74.06
9178,51.11375
11785,48.564666666666675
7391,48.14916666666667
11722,55.85166666666667
1817,56.685
12676,46.98416666666666
14911,45.1225
978,55.843999999999994
3855,51.91
10016,49.625
3428,90.0
7632,61.995
16886,45.57
12996,58.17982142857143
9523,59.775
463,65.6275
3786,49.535
16131,49.92166666666666
5555,48.0145
13694,60.08125
18356,45.625
8277,49.685
3757,50.43833333333334
5707,46.91
18040,54.13
2942,49.75
18522,56.855
10892,45.03
15063,54.29
15331,45.41202380952381
14468,53.4175
3473,51.135
4954,54.13
676,49.44
